F_id,F_version,F_created_at,F_updated_at,borocode,boroname,countyfips,nta2020,ntaname,ntaabbrev,ntatype,cdta2020,cdtaname,shape_leng,Shape_Length,Shape_Area,area_km2,heat_count,nonheat_count,heat_per_km2,nonheat_per_km2
row-9rke~8csg~x32h,rv-iaad~hgin.v282,2025-11-24T21:27:53.701Z,2025-11-24T21:27:53.701Z,3,Brooklyn,47,BK0101,Greenpoint,Grnpt,0,BK01,BK01 Williamsburg-Greenpoint (CD 1 Equivalent),28919.5611508,0.091898542821613,0.00034979873924,3.281529921409245,1135,1509,345.8752555005127,459.84648506632044
row-6kev-zxyi-52cf,rv-98sh-9jt9.2bdr,2025-11-24T21:27:53.701Z,2025-11-24T21:27:53.701Z,3,Brooklyn,47,BK0102,Williamsburg,Wllmsbrg,0,BK01,BK01 Williamsburg-Greenpoint (CD 1 Equivalent),28134.0826611,0.089364085830383,0.000285673383682,2.680535764498503,1964,1547,732.689347410159,577.1234319977169
row-8yxz.4kik-hwrr,rv-gady.m6h7-vken,2025-11-24T21:27:53.701Z,2025-11-24T21:27:53.701Z,3,Brooklyn,47,BK0103,South Williamsburg,SWllmsbrg,0,BK01,BK01 Williamsburg-Greenpoint (CD 1 Equivalent),18250.2800908,0.061803032061546,0.000150558761777,1.412969583018401,219,506,154.99272074361983,358.11103514279284
row-qcbs_gztc_ygrg,rv-9tne-mmrz~t5xd,2025-11-24T21:27:53.701Z,2025-11-24T21:27:53.701Z,3,Brooklyn,47,BK0104,East Williamsburg,EWllmsbrg,0,BK01,BK01 Williamsburg-Greenpoint (CD 1 Equivalent),43184.8003755,0.138497115437962,0.000517491076271,4.855847739564011,1145,1525,235.79816777838374,314.0543282637862
row-97cj-vr4j.5jqt,rv-ucv6~gvar~a2pc,2025-11-24T21:27:53.701Z,2025-11-24T21:27:53.701Z,3,Brooklyn,47,BK0201,Brooklyn Heights,BkHts,0,BK02,BK02 Downtown Brooklyn-Fort Greene (CD 2 Approximation),14312.1922849,0.044413102281744,9.8804716892e-05,0.927372840866212,230,449,248.01243886457647,484.1634132617167
row-uzr2.hf8y_src6,rv-9wzy_i5wk~zfva,2025-11-24T21:27:53.701Z,2025-11-24T21:27:53.701Z,3,Brooklyn,47,BK0202,Downtown Brooklyn-DUMBO-Boerum Hill,DwntwnBk,0,BK02,BK02 Downtown Brooklyn-Fort Greene (CD 2 Approximation),30589.2394455,0.096348172986953,0.000234896995802,2.204742046343237,970,1146,439.9607662079255,519.7886990456522
row-uucn-pny8_d7ni,rv-uqk2.5bw2~khh4,2025-11-24T21:27:53.701Z,2025-11-24T21:27:53.701Z,3,Brooklyn,47,BK0203,Fort Greene,FtGrn,0,BK02,BK02 Downtown Brooklyn-Fort Greene (CD 2 Approximation),23284.5901371,0.074924833810085,0.000173540839553,1.628943267366694,658,708,403.9428586507529,434.6376047488344
row-zavp~vjjw_w7sd,rv-8ety_mtip-9qw9,2025-11-24T21:27:53.701Z,2025-11-24T21:27:53.701Z,3,Brooklyn,47,BK0204,Clinton Hill,ClntnHl,0,BK02,BK02 Downtown Brooklyn-Fort Greene (CD 2 Approximation),18102.9682007,0.054876905248038,0.000144169392525,1.353291215256829,804,853,594.1071595941869,630.3151830022903
row-3t7n.33gv~q8zu,rv-j2cp-fk2z-38v4,2025-11-24T21:27:53.701Z,2025-11-24T21:27:53.701Z,3,Brooklyn,47,BK0261,Brooklyn Navy Yard,BkNvyYrd,6,BK02,BK02 Downtown Brooklyn-Fort Greene (CD 2 Approximation),39415.6419363,0.124518207568569,0.000100048525902,0.938966663690258,0,19,0.0,20.235010181647546
row-n8p3.csnm~y3wc,rv-xbsi-x95y-kfuh,2025-11-24T21:27:53.701Z,2025-11-24T21:27:53.701Z,3,Brooklyn,47,BK0301,Bedford-Stuyvesant (West),BdSty_W,0,BK03,BK03 Bedford-Stuyvesant (CD 3 Approximation),26307.6457389,0.082270453726697,0.000365274209052,3.428763021219105,3032,2631,884.2839184966376,767.3321205688171
row-aczq.vfpp_6f3j,rv-syra_9gtb_iwf4,2025-11-24T21:27:53.701Z,2025-11-24T21:27:53.701Z,3,Brooklyn,47,BK0302,Bedford-Stuyvesant (East),BdSty_E,0,BK03,BK03 Bedford-Stuyvesant (CD 3 Approximation),29753.9705547,0.094746153566581,0.000408640013667,3.835962356102785,3928,2868,1023.9933647291373,747.6611430863456
row-fems.fu6y-cab9,rv-yaas.h457~f7s9,2025-11-24T21:27:53.701Z,2025-11-24T21:27:53.701Z,3,Brooklyn,47,BK0401,Bushwick (West),Bshwck_W,0,BK04,BK04 Bushwick (CD 4 Equivalent),23685.2333004,0.077760483745837,0.00022900681168,2.149263169670636,1731,1957,805.3922964981841,910.5446125054572
row-8jgg~ckxe.isda,rv-djf7-y6vi.mjwv,2025-11-24T21:27:53.701Z,2025-11-24T21:27:53.701Z,3,Brooklyn,47,BK0402,Bushwick (East),Bshwck_E,0,BK04,BK04 Bushwick (CD 4 Equivalent),27120.6703657,0.087032706392039,0.000276478670352,2.595167611431207,2065,2223,795.709683992694,856.5920714362027
row-eqd5.8p4y-azd3,rv-fvry.u9rx-x53n,2025-11-24T21:27:53.701Z,2025-11-24T21:27:53.701Z,3,Brooklyn,47,BK0471,The Evergreens Cemetery,EvrgrnsCem,7,BK04,BK04 Bushwick (CD 4 Equivalent),10950.2093719,0.033641104540892,5.5276141064e-05,0.518902182398902,0,0,0.0,0.0
row-rsmz-yp2i-iafr,rv-75y5_kjch_djww,2025-11-24T21:27:53.701Z,2025-11-24T21:27:53.701Z,3,Brooklyn,47,BK0501,Cypress Hills,CyprssHls,0,BK05,BK05 East New York-Cypress Hills (CD 5 Approximation),31089.6609837,0.101010597444173,0.000241261321519,2.264891331251382,667,1265,294.49536531691956,558.5256928424336
row-yj8i~rtys-ec2y,rv-5w99.cpcd-t96u,2025-11-24T21:27:53.701Z,2025-11-24T21:27:53.701Z,3,Brooklyn,47,BK0502,East New York (North),ENY_N,0,BK05,BK05 East New York-Cypress Hills (CD 5 Approximation),25634.3707218,0.083089379544431,0.000276134535726,2.592655734546124,1431,1541,551.9437004043708,594.3712385207097
row-66ki_rdmz~krs8,rv-krue_8eyw_2gvc,2025-11-24T21:27:53.701Z,2025-11-24T21:27:53.701Z,3,Brooklyn,47,BK0503,East New York-New Lots,ENY_NwLts,0,BK05,BK05 East New York-Cypress Hills (CD 5 Approximation),36564.9249151,0.119698519974659,0.000459601250388,4.316056440646436,2601,2188,602.6334538874648,506.944251097952
row-hmj3.chcn_zjky,rv-5rb6-74s2_jbja,2025-11-24T21:27:53.701Z,2025-11-24T21:27:53.701Z,3,Brooklyn,47,BK0504,Spring Creek-Starrett City,SpCrk_StrC,0,BK05,BK05 East New York-Cypress Hills (CD 5 Approximation),33027.6834429,0.104382648944106,0.000267928969042,2.516410438029322,611,329,242.8061777070408,130.7417879960989
row-wgn2_vhv8.gja4,rv-m34g-6b9e~fv82,2025-11-24T21:27:53.701Z,2025-11-24T21:27:53.701Z,3,Brooklyn,47,BK0505,East New York-City Line,ENY_CtyLn,0,BK05,BK05 East New York-Cypress Hills (CD 5 Approximation),29722.6976164,0.090714259849705,0.000311965727064,2.929162566314726,2279,1355,778.0380734782103,462.5895522435169
row-bw8d~22cg.2aby,rv-danq~2kre.5e9k,2025-11-24T21:27:53.701Z,2025-11-24T21:27:53.701Z,3,Brooklyn,47,BK0571,Highland Park-Cypress Hills Cemeteries (South),CyHlsCem_S,7,BK05,BK05 East New York-Cypress Hills (CD 5 Approximation),15889.6701392,0.052494427161239,8.0177501998e-05,0.752605749078727,0,13,0.0,17.273320082810216
row-swak_8v4v~sh6s,rv-6cpk-2im4.63rq,2025-11-24T21:27:53.701Z,2025-11-24T21:27:53.701Z,3,Brooklyn,47,BK0601,Carroll Gardens-Cobble Hill-Gowanus-Red Hook,CrrllGrdns,0,BK06,BK06 Park Slope-Carroll Gardens (CD 6 Approximation),67164.9126388,0.211631453481204,0.000601769130684,5.649602279953843,1089,1898,192.75693155676387,335.9528522449383
row-r59y-3dw5-qcfs,rv-b3ep.wh3z_ucuv,2025-11-24T21:27:53.701Z,2025-11-24T21:27:53.701Z,3,Brooklyn,47,BK0602,Park Slope,PkSlp,0,BK06,BK06 Park Slope-Carroll Gardens (CD 6 Approximation),23539.0892526,0.073396477557189,0.000255597030435,2.399850112541115,1875,1393,781.2987945378931,580.452917755352
row-5h4a~rjmb.2hf5,rv-z5uf.wywf~vdp5,2025-11-24T21:27:53.701Z,2025-11-24T21:27:53.701Z,3,Brooklyn,47,BK0701,Windsor Terrace-South Slope,WndsrTr,0,BK07,BK07 Sunset Park-Windsor Terrace (CD 7 Approximation),21233.3223789,0.067173795308204,0.000151474952878,1.422559194821427,605,701,425.28985943248944,492.7738701854134
row-trmr_qqhc-ep65,rv-zaux_2atq-jc32,2025-11-24T21:27:53.701Z,2025-11-24T21:27:53.701Z,3,Brooklyn,47,BK0702,Sunset Park (West),SnstPk_W,0,BK07,BK07 Sunset Park-Windsor Terrace (CD 7 Approximation),79869.4683041,0.255873216914539,0.00049834851771,4.680359190115616,1067,1439,227.97395598469924,307.455035297078
row-qbe2-hwpy.c5q3,rv-fxrv_u68i~u7z6,2025-11-24T21:27:53.701Z,2025-11-24T21:27:53.701Z,3,Brooklyn,47,BK0703,Sunset Park (Central),SnstPk_C,0,BK07,BK07 Sunset Park-Windsor Terrace (CD 7 Approximation),24014.323113,0.076317874720096,0.000185487029781,1.742330583178676,724,714,415.5353794451267,409.79594050251444
row-sn62~jyas.7nzb,rv-mtfa~mzwu-sszt,2025-11-24T21:27:53.701Z,2025-11-24T21:27:53.701Z,3,Brooklyn,47,BK0771,Green-Wood Cemetery,GrnWdCem,7,BK07,BK07 Sunset Park-Windsor Terrace (CD 7 Approximation),18789.0222744,0.059964815606196,0.000208733454047,1.960408701024844,0,28,0.0,14.282736036298157
row-79ek_2pap~nwus,rv-tdja_3264.pfj7,2025-11-24T21:27:53.701Z,2025-11-24T21:27:53.701Z,3,Brooklyn,47,BK0801,Prospect Heights,PrspctHts,0,BK08,BK08 Crown Heights (North) (CD 8 Approximation),15043.8346947,0.048795497155002,0.000102012588085,0.957734334080136,1318,928,1376.1645094052978,968.9534633748987
row-p7na-prkh~u27a,rv-ndki_fjib-qxrj,2025-11-24T21:27:53.701Z,2025-11-24T21:27:53.701Z,3,Brooklyn,47,BK0802,Crown Heights (North),CrwnHts_N,0,BK08,BK08 Crown Heights (North) (CD 8 Approximation),30149.1121113,0.102058043165081,0.000350445512131,3.290302175257139,6635,3412,2016.532113644386,1036.9868231732698
row-t3fe-8i29.z3p5,rv-efz4-epz6.2bpq,2025-11-24T21:27:53.701Z,2025-11-24T21:27:53.701Z,3,Brooklyn,47,BK0891,Lincoln Terrace Park,LclnTrPk,9,BK08,BK08 Crown Heights (North) (CD 8 Approximation),4568.61664414,0.014331096087452,1.2017398519e-05,0.112841967575641,0,6,0.0,53.17170667002097
row-pg37-tduq_87pu,rv-wtsg~uave_7qcd,2025-11-24T21:27:53.701Z,2025-11-24T21:27:53.701Z,3,Brooklyn,47,BK0901,Crown Heights (South),CrwnHts_S,0,BK09,BK09 Crown Heights (South) (CD 9 Approximation),24197.4189712,0.082182788298712,0.000198412055486,1.863069174592342,3737,1876,2005.829977202909,1006.9406040226538
row-3278~fsyj.huna,rv-ebxn_57nr-n3sq,2025-11-24T21:27:53.701Z,2025-11-24T21:27:53.701Z,3,Brooklyn,47,BK0902,Prospect Lefferts Gardens-Wingate,PLG_Wngt,0,BK09,BK09 Crown Heights (South) (CD 9 Approximation),26322.4776125,0.088375970437637,0.000237813448873,2.233274655731437,4056,1919,1816.1671201483225,859.2763075849681
row-fhhc~kq3g_3isv,rv-f6np-3u8z-dvcz,2025-11-24T21:27:53.701Z,2025-11-24T21:27:53.701Z,3,Brooklyn,47,BK1001,Bay Ridge,ByRdg,0,BK10,BK10 Bay Ridge-Dyker Heights (CD 10 Approximation),41302.1423703,0.124544313308397,0.000609460587486,5.726157576488246,3175,1835,554.4730401825883,320.4592216488345
row-v9s8_3qwg_x4cs,rv-bm43_utkr.wdm9,2025-11-24T21:27:53.701Z,2025-11-24T21:27:53.701Z,3,Brooklyn,47,BK1002,Dyker Heights,DykrHts,0,BK10,BK10 Bay Ridge-Dyker Heights (CD 10 Approximation),25001.4900026,0.078269457698467,0.000287919969829,2.705246227082061,374,679,138.24989247038144,250.9937887363342
row-2ta6.dt4h_a6ux,rv-gwuy-jbv5~88ps,2025-11-24T21:27:53.701Z,2025-11-24T21:27:53.701Z,3,Brooklyn,47,BK1061,Fort Hamilton,FtHmltn,6,BK10,BK10 Bay Ridge-Dyker Heights (CD 10 Approximation),16460.9559644,0.053579268806446,8.3677026476e-05,0.786398057351564,0,5,0.0,6.358103193742656
row-2eih.zvn8-rjaa,rv-gkp7_w6w6_zexh,2025-11-24T21:27:53.701Z,2025-11-24T21:27:53.701Z,3,Brooklyn,47,BK1091,Dyker Beach Park,DykrBchPk,9,BK10,BK10 Bay Ridge-Dyker Heights (CD 10 Approximation),14627.5083245,0.045767484753427,9.8749605569e-05,0.928009408132604,0,16,0.0,17.24120451773884
row-zyyk-8yda~zy8e,rv-88tr~bfyj~dzdz,2025-11-24T21:27:53.701Z,2025-11-24T21:27:53.701Z,3,Brooklyn,47,BK1101,Bensonhurst,Bnsnhrst,0,BK11,BK11 Bensonhurst-Bath Beach (CD 11 Approximation),33669.6207624,0.109142933862617,0.000480809929272,4.518319252560057,2288,1479,506.3829871480707,327.3341075139845
row-q3mz~czc3~inn2,rv-c5i9_7i6x-6uk2,2025-11-24T21:27:53.701Z,2025-11-24T21:27:53.701Z,3,Brooklyn,47,BK1102,Bath Beach,BthBch,0,BK11,BK11 Bensonhurst-Bath Beach (CD 11 Approximation),22422.3733635,0.072535158544492,0.000203200022712,1.909786642624276,506,1130,264.9510624415591,591.68913153945
row-etgq~gspa~yad8,rv-tjqq~43ap_a9x7,2025-11-24T21:27:53.701Z,2025-11-24T21:27:53.701Z,3,Brooklyn,47,BK1103,Gravesend (West),Grvsnd_W,0,BK11,BK11 Bensonhurst-Bath Beach (CD 11 Approximation),32872.7222703,0.106040937407669,0.000334428045437,3.143370453380542,1014,879,322.5836773102872,279.6361463074383
row-3xx4~mz4y-x576,rv-cda6~d7km.3xpx,2025-11-24T21:27:53.701Z,2025-11-24T21:27:53.701Z,3,Brooklyn,47,BK1201,Sunset Park (East)-Borough Park (West),SnstPk_E,0,BK12,BK12 Borough Park-Kensington (CD 12 Approximation),15982.4798253,0.051330377853596,0.000116200924251,1.091532339416656,466,465,426.92276094086486,426.00661767704327
row-rpb6_2v4t~mtix,rv-74ke_h285.cvwp,2025-11-24T21:27:53.701Z,2025-11-24T21:27:53.701Z,3,Brooklyn,47,BK1202,Borough Park,BoroPk,0,BK12,BK12 Borough Park-Kensington (CD 12 Approximation),28481.0788717,0.090134101209668,0.000400319493336,3.760835200968727,862,1557,229.20440645151467,414.0037828828403
row-rfnk_gvt9_74t7,rv-fhhr.9z5k-gkw9,2025-11-24T21:27:53.701Z,2025-11-24T21:27:53.701Z,3,Brooklyn,47,BK1203,Kensington,Knsngtn,0,BK12,BK12 Borough Park-Kensington (CD 12 Approximation),20316.7350369,0.063874123876909,0.000172793990893,1.62313140862152,1724,838,1062.1444393489649,516.2859861800653
row-kwwn~x349_gni4,rv-wn25~5qca_yrxp,2025-11-24T21:27:53.701Z,2025-11-24T21:27:53.701Z,3,Brooklyn,47,BK1204,Mapleton-Midwood (West),Mpltn,0,BK12,BK12 Borough Park-Kensington (CD 12 Approximation),27783.87638,0.087292043669194,0.000310020976992,2.913102889181429,1074,838,368.6790480310807,287.66577490693265
row-z773~5bx2~tinz,rv-cfdq~4awr~8mdg,2025-11-24T21:27:53.701Z,2025-11-24T21:27:53.701Z,3,Brooklyn,47,BK1301,Gravesend (South),Grvsnd_S,0,BK13,BK13 Coney Island-Brighton Beach (CD 13 Approximation),36857.7904022,0.123164186941976,0.000255319143452,2.400206505104639,348,370,144.9875247233482,154.1534027231001
row-9m7q_ujwu-bu9e,rv-qhih_vdzw_ssw5,2025-11-24T21:27:53.701Z,2025-11-24T21:27:53.701Z,3,Brooklyn,47,BK1302,Coney Island-Sea Gate,CnyIsl,0,BK13,BK13 Coney Island-Brighton Beach (CD 13 Approximation),49219.5235304,0.162900199600037,0.000470216344007,4.421130609978991,1014,869,229.35309753375927,196.5560569594051
row-m5cm-6uyc~5b3p,rv-2rfj.75st_nysy,2025-11-24T21:27:53.701Z,2025-11-24T21:27:53.701Z,3,Brooklyn,47,BK1303,Brighton Beach,BrghtnBch,0,BK13,BK13 Coney Island-Brighton Beach (CD 13 Approximation),16805.8968766,0.052997505212781,0.000134028706901,1.260143388347968,845,597,670.5586108798176,473.755610290238
row-rajk~fbk3_vjhd,rv-g5n9~j7jf.2pu2,2025-11-24T21:27:53.701Z,2025-11-24T21:27:53.701Z,3,Brooklyn,47,BK1391,Calvert Vaux Park,ClvrtVxPk,9,BK13,BK13 Coney Island-Brighton Beach (CD 13 Approximation),11506.2399653,0.036241042482037,4.1723832699e-05,0.39225871234106,0,1,0.0,2.54933789496184
row-f4va_zabi.iwvx,rv-7ndp_ayku-kdcw,2025-11-24T21:27:53.701Z,2025-11-24T21:27:53.701Z,3,Brooklyn,47,BK1401,Flatbush,Fltbsh,0,BK14,BK14 Flatbush-Midwood (CD 14 Approximation),33235.6144971,0.102841969446884,0.000237602320581,2.231920519356411,7437,2728,3332.107902365855,1222.2657466255282
row-es3c_28bc~5bzp,rv-s7pv_e9uj_m6tf,2025-11-24T21:27:53.701Z,2025-11-24T21:27:53.701Z,3,Brooklyn,47,BK1402,Flatbush (West)-Ditmas Park-Parkville,Fltbsh_W,0,BK14,BK14 Flatbush-Midwood (CD 14 Approximation),31252.1642991,0.096600749737979,0.000226516226698,2.12791308108002,2694,1032,1266.0291550220009,484.9822152868244
row-zunn.8nws_34gx,rv-fzu2.tzk7~6ziy,2025-11-24T21:27:53.701Z,2025-11-24T21:27:53.701Z,3,Brooklyn,47,BK1403,Midwood,Mdwd,0,BK14,BK14 Flatbush-Midwood (CD 14 Approximation),25034.8510394,0.077982239435806,0.000318549249678,2.993192195868472,2209,995,738.008071466009,332.4210190623264
row-qjme-45a5~6eb9,rv-2e7h-suei.veyu,2025-11-24T21:27:53.701Z,2025-11-24T21:27:53.701Z,3,Brooklyn,47,BK1501,Gravesend (East)-Homecrest,Grvsnd_E,0,BK15,BK15 Sheepshead Bay-Gravesend (East) (CD 15 Approximation),31842.3450984,0.099509770756639,0.000344753428496,3.240431268562889,1126,951,347.4846113614297,293.479454178259
row-ym6h.48cs.as82,rv-nf2b-ye3m_f6bt,2025-11-24T21:27:53.701Z,2025-11-24T21:27:53.701Z,3,Brooklyn,47,BK1502,Madison,Mdsn,0,BK15,BK15 Sheepshead Bay-Gravesend (East) (CD 15 Approximation),26237.257237,0.083680578342884,0.000270639619084,2.543596938619133,1135,953,446.2184958502774,374.66627889455015
row-y982_g7ug_uxhw,rv-83v5~ttmv_nw9f,2025-11-24T21:27:53.701Z,2025-11-24T21:27:53.701Z,3,Brooklyn,47,BK1503,Sheepshead Bay-Manhattan Beach-Gerritsen Beach,ShpshdBy,0,BK15,BK15 Sheepshead Bay-Gravesend (East) (CD 15 Approximation),91362.5383294,0.297177757413622,0.000626255311611,5.887278766406183,1994,1326,338.69637894133774,225.23139341836202
row-26t7~9eke-4q3j,rv-nhq4_7f65_3zd6,2025-11-24T21:27:53.701Z,2025-11-24T21:27:53.701Z,3,Brooklyn,47,BK1601,Ocean Hill,OcnHl,0,BK16,BK16 Ocean Hill-Brownsville (CD 16 Approximation),22493.7143049,0.071557430472159,0.000198796053932,1.866402265045356,1916,1607,1026.573979191693,861.0148144890661
row-ijpe.bme4~c49p,rv-8idf.spyq_b8a6,2025-11-24T21:27:53.701Z,2025-11-24T21:27:53.701Z,3,Brooklyn,47,BK1602,Brownsville,Brwnsvl,0,BK16,BK16 Ocean Hill-Brownsville (CD 16 Approximation),25719.2933705,0.080792324523291,0.000304583438234,2.860121688287184,2119,1560,740.8775677894275,545.4313382498852
row-wung-33xm.bq7t,rv-yuyx_7fys-gwyx,2025-11-24T21:27:53.701Z,2025-11-24T21:27:53.701Z,3,Brooklyn,47,BK1701,East Flatbush-Erasmus,EFb_Ersms,0,BK17,BK17 East Flatbush (CD 17 Approximation),21908.3882089,0.068070578740623,0.000195560297786,1.836784598307014,4245,2009,2311.1038735367592,1093.7591712450765
row-mp7z_jqzu.psup,rv-d2b9-rykx.dnvq,2025-11-24T21:27:53.701Z,2025-11-24T21:27:53.701Z,3,Brooklyn,47,BK1702,East Flatbush-Farragut,EFb_Frrgt,0,BK17,BK17 East Flatbush (CD 17 Approximation),23276.2088229,0.074459494193801,0.000238563474726,2.24099941013811,1507,1037,672.4678253740037,462.7399700815142
row-3ax6-yjgb-qrs6,rv-a8pc-buck_keb9,2025-11-24T21:27:53.701Z,2025-11-24T21:27:53.701Z,3,Brooklyn,47,BK1703,East Flatbush-Rugby,EFb_Rgby,0,BK17,BK17 East Flatbush (CD 17 Approximation),31994.4946123,0.101582010454468,0.00026910658498,2.527450561203353,1560,1340,617.2227555886446,530.1785208261435
row-rpgm~itzs~p222,rv-qyic-24k5~2uhk,2025-11-24T21:27:53.701Z,2025-11-24T21:27:53.701Z,3,Brooklyn,47,BK1704,East Flatbush-Remsen Village,EFb_RmsnVl,0,BK17,BK17 East Flatbush (CD 17 Approximation),22056.7575308,0.068754116738089,0.000181928822346,1.708558797489589,2393,1607,1400.5956385674701,940.5587928031445
row-aww6_yvby.jvdj,rv-qymv.agjm~imcp,2025-11-24T21:27:53.701Z,2025-11-24T21:27:53.701Z,3,Brooklyn,47,BK1771,Holy Cross Cemetery,HlyCrssCem,7,BK17,BK17 East Flatbush (CD 17 Approximation),9226.10042944,0.030341812245119,4.2299887033e-05,0.39730754396463,0,4,0.0,10.067767553782208
row-qrgk~be82_str4,rv-arhg~h8xf-g5rw,2025-11-24T21:27:53.701Z,2025-11-24T21:27:53.701Z,3,Brooklyn,47,BK1801,Flatlands,Fltlnds,0,BK18,BK18 Canarsie-Flatlands (CD 18 Approximation),40597.2778136,0.124890899644213,0.000537287107474,5.048084684212651,1282,1762,253.95770479233815,349.0432728893134
row-7pwd~cewv~zadi,rv-kfw5-bdh3.kn8q,2025-11-24T21:27:53.701Z,2025-11-24T21:27:53.701Z,3,Brooklyn,47,BK1802,Marine Park-Mill Basin-Bergen Beach,MrnPk_MBsn,0,BK18,BK18 Canarsie-Flatlands (CD 18 Approximation),76294.7299278,0.2398774985934,0.00058202370232,5.469318441597257,190,1334,34.739246220322926,243.9060760942673
row-38mm_9mrb~us78,rv-6kgr-7j7m~5mu4,2025-11-24T21:27:53.701Z,2025-11-24T21:27:53.701Z,3,Brooklyn,47,BK1803,Canarsie,Cnrsie,0,BK18,BK18 Canarsie-Flatlands (CD 18 Approximation),43865.676115,0.134641401585612,0.000697572332795,6.552781866946321,965,1902,147.26569869015069,290.2584030141623
row-bsmj-rxqj_z55h,rv-2dee_z4wd~y9v8,2025-11-24T21:27:53.701Z,2025-11-24T21:27:53.701Z,3,Brooklyn,47,BK1891,Marine Park-Plumb Island,MrnPk_PIsl,9,BK18,BK18 Canarsie-Flatlands (CD 18 Approximation),95715.5508412,0.306935620859856,0.000430016667325,4.042143326211217,0,21,0.0,5.195263578069045
row-ti43-i8r6_qmw6,rv-pt3v-j8mb_takz,2025-11-24T21:27:53.701Z,2025-11-24T21:27:53.701Z,3,Brooklyn,47,BK1892,McGuire Fields,McGrFlds,9,BK18,BK18 Canarsie-Flatlands (CD 18 Approximation),24718.5816775,0.078418703912333,0.000104688394663,0.98380196641436,0,10,0.0,10.164647298324445
row-b3ud.3dyt~2rs6,rv-em4i~dziw_m5xp,2025-11-24T21:27:53.701Z,2025-11-24T21:27:53.701Z,3,Brooklyn,47,BK1893,Canarsie Park & Pier,CnrsiePk,9,BK18,BK18 Canarsie-Flatlands (CD 18 Approximation),24203.9926485,0.077919961392787,0.000114233814001,1.073225119949572,0,14,0.0,13.044793435936185
row-i5xu_awqf_a48q,rv-7iec~2d7b~e6vy,2025-11-24T21:27:53.701Z,2025-11-24T21:27:53.701Z,3,Brooklyn,47,BK5591,Prospect Park,PrspctPk,9,BK55,BK55 Prospect Park (JIA 55 Approximation),24199.6253408,0.074332688411252,0.000270361464801,2.538859631873218,2,62,0.7877552484161413,24.42041270090038
row-xtcj.d8s2~by2r,rv-ydwp~294k_rwbr,2025-11-24T21:27:53.701Z,2025-11-24T21:27:53.701Z,3,Brooklyn,47,BK5691,Barren Island-Floyd Bennett Field,BrrnIsl,9,BK56,BK56 Jamaica Bay (West) (JIA 56 Approximation),44394.1592881,0.141920633399547,0.000540377335387,5.079594169026062,0,11,0.0,2.1655273303278655
row-27gj-i4hi.tcf5,rv-a3zx~u4mp~bd47,2025-11-24T21:27:53.701Z,2025-11-24T21:27:53.701Z,3,Brooklyn,47,BK5692,Jamaica Bay (West),JmcaBy_W,9,BK56,BK56 Jamaica Bay (West) (JIA 56 Approximation),136901.84044,0.431862476733704,0.000392984177038,3.693157969741982,0,0,0.0,0.0
row-uf5c-xpt5.hbin,rv-mngz-2f7p.rqd8,2025-11-24T21:27:53.701Z,2025-11-24T21:27:53.701Z,3,Brooklyn,47,BK5693,Shirley Chisholm State Park,ShChshlmPk,9,BK56,BK56 Jamaica Bay (West) (JIA 56 Approximation),26521.9177648,0.083078446856301,0.00018085060486,1.698705817132086,0,0,0.0,0.0
row-c82n.ij4t-897s,rv-eqsp_cxj7.8eik,2025-11-24T21:27:53.701Z,2025-11-24T21:27:53.701Z,2,Bronx,5,BX0101,Mott Haven-Port Morris,MttHvn,0,BX01,BX01 Melrose-Mott Haven-Port Morris (CD 1 Approximation),29217.4141239,0.09322609458398,0.000406252500602,3.806730200512186,3860,2559,1013.9935841738001,672.2304616323198
row-f4cd.3irn.6ib4,rv-j9ep-rgfr_4z5q,2025-11-24T21:27:53.701Z,2025-11-24T21:27:53.701Z,2,Bronx,5,BX0102,Melrose,Mlrs,0,BX01,BX01 Melrose-Mott Haven-Port Morris (CD 1 Approximation),19589.1961548,0.064349029352803,0.000171271776922,1.604621725629836,3362,1724,2095.197856479457,1074.3965212880976
row-y7q8~abpa-59yt,rv-j9yw.98hc.atky,2025-11-24T21:27:53.701Z,2025-11-24T21:27:53.701Z,2,Bronx,5,BX0201,Hunts Point,HntsPt,0,BX02,BX02 Longwood-Hunts Point (CD 2 Approximation),37438.1262456,0.118515540755845,0.000446451837788,4.183205207764383,1251,1039,299.052983984156,248.3741409748506
row-wa3g_ysp5.7e58,rv-vv8v-y8ad-2xsh,2025-11-24T21:27:53.701Z,2025-11-24T21:27:53.701Z,2,Bronx,5,BX0202,Longwood,Lngwd,0,BX02,BX02 Longwood-Hunts Point (CD 2 Approximation),21730.0007468,0.067862005660244,0.000152683811048,1.430416115718412,3665,1791,2562.1914908021645,1252.0832087385204
row-k792-4d4r.4vmb,rv-estb_b7k7.d7w6,2025-11-24T21:27:53.701Z,2025-11-24T21:27:53.701Z,2,Bronx,5,BX0291,North & South Brother Islands,BrthrIsls,9,BX02,BX02 Longwood-Hunts Point (CD 2 Approximation),7178.42290043,0.022169034416266,9.226011633e-06,0.086461200041585,0,0,0.0,0.0
row-ws9g-xw63.55dw,rv-bi6g_r46m~9u6c,2025-11-24T21:27:53.701Z,2025-11-24T21:27:53.701Z,2,Bronx,5,BX0301,Morrisania,Mrrsnia,0,BX03,BX03 Morrisania-Crotona Park East (CD 3 Approximation),21889.2140046,0.070415839697081,0.000136975014605,1.283127956409124,3483,1784,2714.4603798886046,1390.3523737356506
row-n7ii_s5r8_e5p7,rv-hgmx-rwcz-7fpq,2025-11-24T21:27:53.701Z,2025-11-24T21:27:53.701Z,2,Bronx,5,BX0302,Claremont Village-Claremont (East),ClrmntVlg,0,BX03,BX03 Morrisania-Crotona Park East (CD 3 Approximation),16428.0643992,0.050651316093995,9.9174921994e-05,0.928889737240658,1501,688,1615.9076151049335,740.669180008124
row-fj8x-vhcc~azyx,rv-ier2_pn8a~6h5i,2025-11-24T21:27:53.701Z,2025-11-24T21:27:53.701Z,2,Bronx,5,BX0303,Crotona Park East,CrtnaPkEst,0,BX03,BX03 Morrisania-Crotona Park East (CD 3 Approximation),20755.0573084,0.06464271795693,0.000158482690379,1.484496601729943,2534,1659,1706.9759520143252,1117.5505542193234
row-yn6w_5k3n~g5u8,rv-2srq~q4d5.69vz,2025-11-24T21:27:53.701Z,2025-11-24T21:27:53.701Z,2,Bronx,5,BX0391,Crotona Park,CrtnaPk,9,BX03,BX03 Morrisania-Crotona Park East (CD 3 Approximation),11725.2460281,0.037792355983421,6.2885614029e-05,0.588989195941252,1,21,1.6978240125473265,35.654304263493856
row-9afb_cdpt_isz5,rv-yjdy_8g43~sffr,2025-11-24T21:27:53.701Z,2025-11-24T21:27:53.701Z,2,Bronx,5,BX0401,Concourse-Concourse Village,Cncrs,0,BX04,BX04 Highbridge-Concourse (CD 4 Approximation),29504.1863169,0.091541472035874,0.000262844293769,2.46224174832214,7976,3490,3239.3244917706124,1417.4075321313237
row-b2vm.27jm.bhx6,rv-kjgs-smhn.qqqb,2025-11-24T21:27:53.701Z,2025-11-24T21:27:53.701Z,2,Bronx,5,BX0402,Highbridge,Hghbrdg,0,BX04,BX04 Highbridge-Concourse (CD 4 Approximation),15723.4262679,0.047244679983676,0.000129424458944,1.212225159939162,4822,2481,3977.808875243937,2046.6494855827889
row-qmqi~4seq.rkdf,rv-xk4k.46tp~z5pj,2025-11-24T21:27:53.701Z,2025-11-24T21:27:53.701Z,2,Bronx,5,BX0403,Mount Eden-Claremont (West),MtEdn,0,BX04,BX04 Highbridge-Concourse (CD 4 Approximation),21598.9595544,0.069389581237053,0.00013497993131,1.264191226139884,4990,3176,3947.18765390945,2512.2781540714254
row-qbt9_xr5r-br6c,rv-e7zw~prp9~evh2,2025-11-24T21:27:53.701Z,2025-11-24T21:27:53.701Z,2,Bronx,5,BX0491,Yankee Stadium-Macombs Dam Park,YnkStdm,9,BX04,BX04 Highbridge-Concourse (CD 4 Approximation),9678.13206105,0.029671854402313,2.7880098935e-05,0.261159355553148,2,30,7.658159500983238,114.87239251474857
row-niyw.rau7_57hv,rv-e8pn_rdkj_hqd9,2025-11-24T21:27:53.701Z,2025-11-24T21:27:53.701Z,2,Bronx,5,BX0492,Claremont Park,ClrmntPk,9,BX04,BX04 Highbridge-Concourse (CD 4 Approximation),6257.33921463,0.019173268407245,1.8471377954e-05,0.172998835284705,5,39,28.901928685077426,225.43504374360393
row-4mn2~ifgx~8ui2,rv-cu83.6pia~zmmh,2025-11-24T21:27:53.701Z,2025-11-24T21:27:53.701Z,2,Bronx,5,BX0501,University Heights (South)-Morris Heights,UnvrsHts_S,0,BX05,BX05 Morris Heights-Mount Hope (CD 5 Approximation),21833.8722635,0.069183416702335,0.000194878412637,1.824878331260755,4879,3148,2673.602900763933,1725.0465119091741
row-5k6g_3kqi~2nu9,rv-3cxz.zvr4.jihk,2025-11-24T21:27:53.701Z,2025-11-24T21:27:53.701Z,2,Bronx,5,BX0502,Mount Hope,MtHp,0,BX05,BX05 Morris Heights-Mount Hope (CD 5 Approximation),16278.235568,0.051768198950824,0.000125815098651,1.17819119354892,5297,2915,4495.874717960249,2474.1315466970223
row-hpjp-8jgb~i39i,rv-w9sh_ftm3-6jbz,2025-11-24T21:27:53.701Z,2025-11-24T21:27:53.701Z,2,Bronx,5,BX0503,Fordham Heights,FrdhmHts,0,BX05,BX05 Morris Heights-Mount Hope (CD 5 Approximation),12917.280386,0.041375174337305,7.3216724159e-05,0.685545154017706,4036,2083,5887.285434586793,3038.457770129903
row-zxmu-8q5z.dkjx,rv-7unu~yztt.csmx,2025-11-24T21:27:53.701Z,2025-11-24T21:27:53.701Z,2,Bronx,5,BX0601,West Farms,WstFrms,0,BX06,BX06 Tremont-Belmont-West Farms (CD 6 Approximation),21993.6266611,0.068299755116511,0.00011607259036,1.087096794202582,2049,967,1884.8367605600408,889.5252061793848
row-gk5r~ggvz~n574,rv-jeus_egtw_p6wt,2025-11-24T21:27:53.701Z,2025-11-24T21:27:53.701Z,2,Bronx,5,BX0602,Tremont,Trmnt,0,BX06,BX06 Tremont-Belmont-West Farms (CD 6 Approximation),18324.1067374,0.057223878602517,0.000157034538957,1.470608867745595,2978,1926,2025.0115889517217,1309.6616253596428
row-6ygh.h4es~y5xc,rv-iwzq~nthn_kabn,2025-11-24T21:27:53.701Z,2025-11-24T21:27:53.701Z,2,Bronx,5,BX0603,Belmont,Blmnt,0,BX06,BX06 Tremont-Belmont-West Farms (CD 6 Approximation),19746.6538537,0.060249442437544,0.000162662233838,1.523069677319835,4472,2025,2936.17558447453,1329.5517796424247
row-32rb_7drc.fip6,rv-zh7k.rigb-92r9,2025-11-24T21:27:53.701Z,2025-11-24T21:27:53.701Z,2,Bronx,5,BX0701,University Heights (North)-Fordham,UnvrsHts_N,0,BX07,BX07 Fordham-Bedford Park-Norwood (CD 7 Approximation),27360.6204704,0.086993783362694,0.000181725718257,1.701392298219117,5251,2878,3086.29585633856,1691.5557940473007
row-t55e~r28c_nwvd,rv-v9ih.smu6-bjqq,2025-11-24T21:27:53.701Z,2025-11-24T21:27:53.701Z,2,Bronx,5,BX0702,Bedford Park,BdfrdPk,0,BX07,BX07 Fordham-Bedford Park-Norwood (CD 7 Approximation),20847.6055206,0.064781509575097,0.000243681635883,2.281144572140688,7109,2902,3116.4179977110007,1272.1683822418518
row-kpuf~sekq.fdui,rv-8sgj-ta8d.qt46,2025-11-24T21:27:53.701Z,2025-11-24T21:27:53.701Z,2,Bronx,5,BX0703,Norwood,Nrwd,0,BX07,BX07 Fordham-Bedford Park-Norwood (CD 7 Approximation),22139.0109332,0.067684784429955,0.000156031771748,1.460561799818293,5197,2077,3558.219858034459,1422.055540723027
row-3777.imws_a272,rv-bii4_jmz2~a85d,2025-11-24T21:27:53.701Z,2025-11-24T21:27:53.701Z,2,Bronx,5,BX0801,Kingsbridge Heights-Van Cortlandt Village,KngbrdgHts,0,BX08,BX08 Riverdale-Kingsbridge-Marble Hill (CD 8 Approximation),20471.1176868,0.064535902823776,0.000108878064201,1.019163364917728,4111,1645,4033.7007211124196,1614.0690066236757
row-dp3q~jatp_fq57,rv-nqad.vq7b.pv5g,2025-11-24T21:27:53.701Z,2025-11-24T21:27:53.701Z,2,Bronx,5,BX0802,Kingsbridge-Marble Hill,Kngbrdg,0,BX08,BX08 Riverdale-Kingsbridge-Marble Hill (CD 8 Approximation),19810.9594858,0.062206743498409,0.000122208628608,1.143891602214102,2545,1087,2224.8611626083543,950.2648659156312
row-9872-vham~kb99,rv-zq3s.x5jc-pnjt,2025-11-24T21:27:53.701Z,2025-11-24T21:27:53.701Z,2,Bronx,5,BX0803,Riverdale-Spuyten Duyvil,Rvrdl,0,BX08,BX08 Riverdale-Kingsbridge-Marble Hill (CD 8 Approximation),37646.588373,0.113799691442782,0.000625277581295,5.851398934540365,1712,1884,292.5796068858327,321.97428701688597
row-rffg_x6hg~xm94,rv-pq5s_e5iq-d5cs,2025-11-24T21:27:53.701Z,2025-11-24T21:27:53.701Z,2,Bronx,5,BX0901,Soundview-Bruckner-Bronx River,Sdvw_BxRvr,0,BX09,BX09 Soundview-Parkchester (CD 9 Approximation),26836.620138,0.08435503002925,0.000319437552579,2.992262004161887,4615,2555,1542.311466569797,853.8690784584684
row-5spp.icpm_xu2m,rv-su64_zm8c.wfmm,2025-11-24T21:27:53.701Z,2025-11-24T21:27:53.701Z,2,Bronx,5,BX0902,Soundview-Clason Point,Sdvw_ClsPt,0,BX09,BX09 Soundview-Parkchester (CD 9 Approximation),40475.074276,0.128510970788733,0.000300688312466,2.817197473666194,868,913,308.1076169184611,324.0809380720679
row-cxi9_jka3~52bx,rv-kzcw_dtks-eqph,2025-11-24T21:27:53.701Z,2025-11-24T21:27:53.701Z,2,Bronx,5,BX0903,Castle Hill-Unionport,CstlHl,0,BX09,BX09 Soundview-Parkchester (CD 9 Approximation),42978.0972924,0.121582635856294,0.000326253796377,3.05634234490249,1707,1008,558.5107319037784,329.80598579906774
row-mp95_yxji~y39d,rv-27cj_fij8-b266,2025-11-24T21:27:53.701Z,2025-11-24T21:27:53.701Z,2,Bronx,5,BX0904,Parkchester,Pkchstr,0,BX09,BX09 Soundview-Parkchester (CD 9 Approximation),12411.8210178,0.039462829258668,9.1100913437e-05,0.853265004412157,2539,628,2975.62889239692,735.996433408927
row-e3h5_uu7d.wy42,rv-8ewy.gu53-466y,2025-11-24T21:27:53.701Z,2025-11-24T21:27:53.701Z,2,Bronx,5,BX0991,Soundview Park,SdvwPk,9,BX09,BX09 Soundview-Parkchester (CD 9 Approximation),18349.7752108,0.058759617622028,7.7289618907e-05,0.724135384048208,0,20,0.0,27.619144762947446
row-6pvj.nahp_kpyw,rv-f5m2-hxgn_9g5u,2025-11-24T21:27:53.701Z,2025-11-24T21:27:53.701Z,2,Bronx,5,BX1001,Westchester Square,WstchstrSq,0,BX10,BX10 Co-op City-Throgs Neck (CD 10 Approximation),25927.2069896,0.072842795754673,0.000152577026303,1.429060902839788,879,641,615.0892507473103,448.5463136848986
row-xt8b.x7d9.xvr2,rv-ebtt-c9tu-9847,2025-11-24T21:27:53.701Z,2025-11-24T21:27:53.701Z,2,Bronx,5,BX1002,Throgs Neck-Schuylerville,ThrgsNck,0,BX10,BX10 Co-op City-Throgs Neck (CD 10 Approximation),86866.7760205,0.278338740109738,0.000659279051795,6.176028301341723,612,1040,99.09281015876253,168.39301072730888
row-z9jj~gtx2.v5kg,rv-h6ra.97pn~2nys,2025-11-24T21:27:53.701Z,2025-11-24T21:27:53.701Z,2,Bronx,5,BX1003,Pelham Bay-Country Club-City Island,PlhmBy,0,BX10,BX10 Co-op City-Throgs Neck (CD 10 Approximation),121142.083612,0.387780917773624,0.000350283374198,3.280425011118143,1437,868,438.05299469723104,264.59986040166774
row-32tq-5wzh~f4g7,rv-m96d~r5m2~2ahk,2025-11-24T21:27:53.701Z,2025-11-24T21:27:53.701Z,2,Bronx,5,BX1004,Co-op City,CoopCty,0,BX10,BX10 Co-op City-Throgs Neck (CD 10 Approximation),25102.6493986,0.076658870575138,0.000288354490782,2.699384818372543,104,297,38.52729677227033,110.0250686669643
row-iydu~jzs8~fvr3,rv-qws4~ghnb~uzpa,2025-11-24T21:27:53.701Z,2025-11-24T21:27:53.701Z,2,Bronx,5,BX1071,Hart Island,HrtIsl,7,BX10,BX10 Co-op City-Throgs Neck (CD 10 Approximation),16969.5834675,0.051833567820478,4.8666610019e-05,0.45570992685157,0,0,0.0,0.0
row-zsdw~jdug-58fq,rv-c7wr-hxb8_6k34,2025-11-24T21:27:53.701Z,2025-11-24T21:27:53.701Z,2,Bronx,5,BX1091,Ferry Point Park-St. Raymond Cemetery,FrryPtPk,9,BX10,BX10 Co-op City-Throgs Neck (CD 10 Approximation),26872.2155,0.083862018986459,0.000215629757708,2.020254610381794,0,14,0.0,6.92981960197296
row-9vsy.q2g9-5nbc,rv-5a7h_ume9~9q5u,2025-11-24T21:27:53.701Z,2025-11-24T21:27:53.701Z,2,Bronx,5,BX1101,Pelham Parkway-Van Nest,PlhmPkwy,0,BX11,BX11 Pelham Parkway-Morris Park (CD 11 Approximation),22993.8198299,0.073475467230427,0.000154646661468,1.448225723143156,3647,1476,2518.253847946255,1019.1781408194879
row-vc5d-3xkp_q22g,rv-r9yk-jiyr~sydv,2025-11-24T21:27:53.701Z,2025-11-24T21:27:53.701Z,2,Bronx,5,BX1102,Morris Park,MrrsPk,0,BX11,BX11 Pelham Parkway-Morris Park (CD 11 Approximation),24671.3982904,0.080122486943686,0.000276140119836,2.585830652615846,1096,683,423.8483285404936,264.1317594828076
row-6sbr_czid~ibws,rv-86ze~cq9x_hn3d,2025-11-24T21:27:53.701Z,2025-11-24T21:27:53.701Z,2,Bronx,5,BX1103,Pelham Gardens,PlhmGrdns,0,BX11,BX11 Pelham Parkway-Morris Park (CD 11 Approximation),24342.8950429,0.08026601859707,0.000298328407612,2.793089063000243,219,599,78.40781122989237,214.457894642491
row-fxmx-9xqx~6swf,rv-qbsq~27s7_u62h,2025-11-24T21:27:53.701Z,2025-11-24T21:27:53.701Z,2,Bronx,5,BX1104,Allerton,Allrtn,0,BX11,BX11 Pelham Parkway-Morris Park (CD 11 Approximation),17837.9372831,0.055804465842706,0.000156328344942,1.463623595211902,2817,1496,1924.6751755133855,1022.1207179865193
row-3mga.x3bd-jrit,rv-6w27-a8kw~smjh,2025-11-24T21:27:53.701Z,2025-11-24T21:27:53.701Z,2,Bronx,5,BX1161,Hutchinson Metro Center,HtchMtrCtr,6,BX11,BX11 Pelham Parkway-Morris Park (CD 11 Approximation),20672.7080791,0.064158042110964,0.000120850053459,1.131702736298067,3,27,2.650872798817606,23.857855189358457
row-vwub-uy7a~ffh2,rv-2yq5.snwu.xw56,2025-11-24T21:27:53.701Z,2025-11-24T21:27:53.701Z,2,Bronx,5,BX1201,Williamsbridge-Olinville,Wllmsbrdg,0,BX12,BX12 Wakefield-Williamsbridge-Eastchester (CD 12 Approximation),29370.8198317,0.092208873235703,0.000359723957814,3.367062833680708,6305,2633,1872.5519277309368,781.9871888525863
row-zjww.ean3~vrws,rv-9smn.aaib.29x8,2025-11-24T21:27:53.701Z,2025-11-24T21:27:53.701Z,2,Bronx,5,BX1202,Eastchester-Edenwald-Baychester,Estchstr,0,BX12,BX12 Wakefield-Williamsbridge-Eastchester (CD 12 Approximation),54240.3767882,0.180906732353686,0.000559764550807,5.239427736236205,1540,1953,293.9252295339938,372.75063199992843
row-c878-symx_55e9,rv-bf47~ce9z.fkwx,2025-11-24T21:27:53.701Z,2025-11-24T21:27:53.701Z,2,Bronx,5,BX1203,Wakefield-Woodlawn,Wkfld_Wdln,0,BX12,BX12 Wakefield-Williamsbridge-Eastchester (CD 12 Approximation),39101.7261167,0.12874220144281,0.000393615305513,3.683360706816896,4460,1843,1210.8507298092627,500.35827243015046
row-ha53~hh2v-8bzg,rv-kgdx-q9d3-4kzd,2025-11-24T21:27:53.701Z,2025-11-24T21:27:53.701Z,2,Bronx,5,BX1271,Woodlawn Cemetery,WdlnCem,7,BX12,BX12 Wakefield-Williamsbridge-Eastchester (CD 12 Approximation),18168.5900134,0.05662778488943,0.000177553617201,1.661714174484432,0,14,0.0,8.425034951840427
row-awmz.6nwr-8c3j,rv-v85b.refp_r67j,2025-11-24T21:27:53.701Z,2025-11-24T21:27:53.701Z,2,Bronx,5,BX2691,Van Cortlandt Park,VnCrtldtPk,9,BX26,BX26 Van Cortlandt Park (JIA 26 Equivalent),32864.1146664,0.104506312327372,0.00050293388936,4.706403616791873,136,33,28.89679914293127,7.011723321446557
row-bucd_5tx5-8mj7,rv-33qs-5nm7_eziy,2025-11-24T21:27:53.701Z,2025-11-24T21:27:53.701Z,2,Bronx,5,BX2791,Bronx Park,BxPk,9,BX27,BX27 Bronx Park (JIA 27 Approximation),32846.0120033,0.097857405454974,0.000332004020239,3.108672135757309,0,67,0.0,21.552610591942663
row-3uyd_ubq4_9z3u,rv-qnwp~xr3u.nm7h,2025-11-24T21:27:53.701Z,2025-11-24T21:27:53.701Z,2,Bronx,5,BX2891,Pelham Bay Park,PlhmByPk,9,BX28,BX28 Pelham Bay Park (JIA 28 Approximation),111082.661525,0.348114465567331,0.000985238052141,9.223707315014556,0,46,0.0,4.987148705935213
row-et2a_qd3v~ubbb,rv-j9pi~bzcs-rbct,2025-11-24T21:27:53.701Z,2025-11-24T21:27:53.701Z,1,Manhattan,61,MN0101,Financial District-Battery Park City,FiDi,0,MN01,MN01 Financial District-Tribeca (CD 1 Equivalent),44672.4863141,0.137345621987579,0.00019034585281,1.786237216423128,306,807,171.30983342333073,451.7876979497644
row-jgwf~nchn~t8i5,rv-qv88.ss3f_efhz,2025-11-24T21:27:53.701Z,2025-11-24T21:27:53.701Z,1,Manhattan,61,MN0102,Tribeca-Civic Center,TriBeCa,0,MN01,MN01 Financial District-Tribeca (CD 1 Equivalent),21219.504238,0.06755928160239,0.000134443945664,1.261472287747513,132,575,104.63963519618763,455.8165927106658
row-35m6~4fkt.ax64,rv-2evm_u8xd~sygk,2025-11-24T21:27:53.701Z,2025-11-24T21:27:53.701Z,1,Manhattan,61,MN0191,The Battery-Governors Island-Ellis Island-Liberty Island,Btry_GvIsl,9,MN01,MN01 Financial District-Tribeca (CD 1 Equivalent),49616.7910027,0.159368172206919,0.000118703824353,1.114213710939689,0,7,0.0,6.282457244307687
row-cvdc~gtk4.fepm,rv-zse5_tsck.ha5m,2025-11-24T21:27:53.701Z,2025-11-24T21:27:53.701Z,1,Manhattan,61,MN0201,SoHo-Little Italy-Hudson Square,SoHo,0,MN02,MN02 Greenwich Village-SoHo (CD 2 Equivalent),18577.1114381,0.060265594030115,0.00012790607022,1.200017568456637,1178,764,981.6522949035203,636.657345760857
row-hqgr.bbqt.szm9,rv-xs6i_xmmh-3znd,2025-11-24T21:27:53.701Z,2025-11-24T21:27:53.701Z,1,Manhattan,61,MN0202,Greenwich Village,GrnwchVlg,0,MN02,MN02 Greenwich Village-SoHo (CD 2 Equivalent),12974.0060903,0.040235828628744,0.000104980361677,0.984823955107992,453,701,459.98068756392684,711.8023443318161
row-6gjv-xvvr.674h,rv-xdfn-x2mn_9zkm,2025-11-24T21:27:53.701Z,2025-11-24T21:27:53.701Z,1,Manhattan,61,MN0203,West Village,WstVlg,0,MN02,MN02 Greenwich Village-SoHo (CD 2 Equivalent),23882.3960537,0.077553732135577,0.000142784463715,1.339383546193608,1148,839,857.1107232595915,626.4075756226457
row-naws.6e3t~jz6g,rv-mvb5~d64c_drje,2025-11-24T21:27:53.701Z,2025-11-24T21:27:53.701Z,1,Manhattan,61,MN0301,Chinatown-Two Bridges,Chntwn,0,MN03,MN03 Lower East Side-Chinatown (CD 3 Equivalent),16461.541911,0.053115008263936,0.000114269801741,1.072251113649145,800,621,746.0938858598106,579.155378898678
row-yww3_nrbn.88pp,rv-y4bb.hpzx_zfg3,2025-11-24T21:27:53.701Z,2025-11-24T21:27:53.701Z,1,Manhattan,61,MN0302,Lower East Side,LES,0,MN03,MN03 Lower East Side-Chinatown (CD 3 Equivalent),22960.7636789,0.064409579048066,0.000163104438211,1.530398360984391,1044,743,682.1753254678558,485.49450845078246
row-te9a~c8g9.z4hp,rv-3fm4~vgs6.j72i,2025-11-24T21:27:53.701Z,2025-11-24T21:27:53.701Z,1,Manhattan,61,MN0303,East Village,EstVlg,0,MN03,MN03 Lower East Side-Chinatown (CD 3 Equivalent),22375.9305726,0.070476461765519,0.00018799871423,1.763744820124721,3516,1475,1993.485656134412,836.2887778152042
row-ipvc.xpr4-t3ew,rv-nze4-vy26~ydn4,2025-11-24T21:27:53.701Z,2025-11-24T21:27:53.701Z,1,Manhattan,61,MN0401,Chelsea-Hudson Yards,Chls_HdsYd,0,MN04,MN04 Chelsea-Hell's Kitchen (CD 4 Approximation),40095.2376454,0.130177773198954,0.000293932514405,2.756626606460762,1264,1222,458.53145182504494,443.29543839414947
row-fndy-w87p_9fqd,rv-hkxv-hi9n_cx3b,2025-11-24T21:27:53.701Z,2025-11-24T21:27:53.701Z,1,Manhattan,61,MN0402,Hell's Kitchen,HllsKtchn,0,MN04,MN04 Chelsea-Hell's Kitchen (CD 4 Approximation),35573.8350331,0.113665814316916,0.00018213782757,1.707793525691597,1879,1402,1100.2501015098242,820.9423322601242
row-y4xz~72wa-88w3,rv-hmhb-kw7t_i7gg,2025-11-24T21:27:53.701Z,2025-11-24T21:27:53.701Z,1,Manhattan,61,MN0501,Midtown South-Flatiron-Union Square,MdtwnSth,0,MN05,MN05 Midtown-Flatiron-Union Square (CD 5 Approximation),18799.2520872,0.059342535736125,0.000147382003405,1.382321663005523,533,1038,385.58319258422154,750.9106076968517
row-vf84~upz4_zt74,rv-msug.uxak-srd2,2025-11-24T21:27:53.701Z,2025-11-24T21:27:53.701Z,1,Manhattan,61,MN0502,Midtown-Times Square,Mdtwn_TmSq,0,MN05,MN05 Midtown-Flatiron-Union Square (CD 5 Approximation),21258.4019045,0.066867264589079,0.0002432513492,2.281032282450441,487,1496,213.49982801507363,655.8434141900414
row-cbdp_qhdx_cvs4,rv-avrp-afsp.srbu,2025-11-24T21:27:53.701Z,2025-11-24T21:27:53.701Z,1,Manhattan,61,MN0601,Stuyvesant Town-Peter Cooper Village,StyTwn,0,MN06,MN06 East Midtown-Murray Hill (CD 6 Approximation),11962.9269609,0.03483763787774,5.5217894819e-05,0.51799205898063,298,127,575.2983947021155,245.1775037824452
row-ua7t.jwzu_vukc,rv-ke2n_d7ng_7ihp,2025-11-24T21:27:53.701Z,2025-11-24T21:27:53.701Z,1,Manhattan,61,MN0602,Gramercy,Grmrcy,0,MN06,MN06 East Midtown-Murray Hill (CD 6 Approximation),12095.3773915,0.038056665356371,7.4539687365e-05,0.699195494698654,1041,556,1488.8539870364298,795.1996318849712
row-63b3_ye57-e8xc,rv-36gq~8dv7~vk3a,2025-11-24T21:27:53.701Z,2025-11-24T21:27:53.701Z,1,Manhattan,61,MN0603,Murray Hill-Kips Bay,MryHl_KpBy,0,MN06,MN06 East Midtown-Murray Hill (CD 6 Approximation),26035.9635891,0.076172945006827,0.000156219279895,1.465203523672658,772,1026,526.8892597698073,700.2440162225677
row-rsct~56ue.zw46,rv-2rvt.9n6n~nieq,2025-11-24T21:27:53.701Z,2025-11-24T21:27:53.701Z,1,Manhattan,61,MN0604,East Midtown-Turtle Bay,EstMdtwn,0,MN06,MN06 East Midtown-Murray Hill (CD 6 Approximation),16668.7861558,0.052970218269573,0.000130160860272,1.220582990205774,1206,948,988.0524386110644,776.6780363211352
row-7whq.dzv8_b8t9,rv-2245_ucd8~a8re,2025-11-24T21:27:53.701Z,2025-11-24T21:27:53.701Z,1,Manhattan,61,MN0661,United Nations,UN,6,MN06,MN06 East Midtown-Murray Hill (CD 6 Approximation),5307.39139215,0.016560565806112,1.0810300599e-05,0.101382243262795,0,4,0.0,39.45464088451384
row-n8d7-ei5x~8ajj,rv-6xxg~s8pa-28up,2025-11-24T21:27:53.701Z,2025-11-24T21:27:53.701Z,1,Manhattan,61,MN0701,Upper West Side-Lincoln Square,UWS_LclnSq,0,MN07,MN07 Upper West Side (CD 7 Approximation),19952.4206278,0.064543416697387,0.00015655040273,1.4676438603118,783,873,533.5081767273241,594.8309556614993
row-4axu-57rr~zk9t,rv-rt87-g6gs.ak3f,2025-11-24T21:27:53.701Z,2025-11-24T21:27:53.701Z,1,Manhattan,61,MN0702,Upper West Side (Central),UWS_C,0,MN07,MN07 Upper West Side (CD 7 Approximation),24906.0097087,0.078298115209604,0.000251865082533,2.360759212873146,3446,1714,1459.6999055257604,726.0376198697486
row-583k_nang.9u5z,rv-pqz3~cmum~iwd8,2025-11-24T21:27:53.701Z,2025-11-24T21:27:53.701Z,1,Manhattan,61,MN0703,Upper West Side-Manhattan Valley,UWS_MnVly,0,MN07,MN07 Upper West Side (CD 7 Approximation),14867.8730441,0.047897748311872,0.00013086245672,1.226378291111761,2190,1121,1785.7458957583774,914.0735840845393
row-ppen~tv3s-spz7,rv-meqf_5dxc.6eew,2025-11-24T21:27:53.701Z,2025-11-24T21:27:53.701Z,1,Manhattan,61,MN0801,Upper East Side-Lenox Hill-Roosevelt Island,UES_LnxHl,0,MN08,MN08 Upper East Side-Roosevelt Island (CD 8 Equivalent),38425.3806097,0.119403511585055,0.000213040678284,1.997526796919461,1416,1193,708.8765978928153,597.238546106023
row-tqdt~c5ju-iptb,rv-5dpx_k35b-58db,2025-11-24T21:27:53.701Z,2025-11-24T21:27:53.701Z,1,Manhattan,61,MN0802,Upper East Side-Carnegie Hill,UES_CrngHl,0,MN08,MN08 Upper East Side-Roosevelt Island (CD 8 Equivalent),23778.4102558,0.072504360251305,0.000198845216388,1.864156614316107,608,1111,326.15285396664683,595.9799683502379
row-zfjq_xf86-tsgj,rv-qsef~si8u.x2n3,2025-11-24T21:27:53.701Z,2025-11-24T21:27:53.701Z,1,Manhattan,61,MN0803,Upper East Side-Yorkville,UES_Yrkvl,0,MN08,MN08 Upper East Side-Roosevelt Island (CD 8 Equivalent),18113.2939923,0.056453679118721,0.000135225157491,1.267675368339339,1640,1060,1293.706607353591,836.1762218261015
row-4jn6_exrb.yuut,rv-vkhq~swsc.gip9,2025-11-24T21:27:53.701Z,2025-11-24T21:27:53.701Z,1,Manhattan,61,MN0901,Morningside Heights,MrngsdHts,0,MN09,MN09 Morningside Heights-Hamilton Heights (CD 9 Equivalent),17757.8076596,0.055315663848756,0.000157874445233,1.479297169659233,995,460,672.6167131308753,310.95848044241467
row-46q2~ft5g.b2pv,rv-d87x-e3uz.zggt,2025-11-24T21:27:53.701Z,2025-11-24T21:27:53.701Z,1,Manhattan,61,MN0902,Manhattanville-West Harlem,Mnhttnvl,0,MN09,MN09 Morningside Heights-Hamilton Heights (CD 9 Equivalent),17357.2460682,0.054534295593005,0.000106449024819,0.997309781448646,2381,1340,2387.422688807353,1343.614616968439
row-m7xy~cvb9-92hn,rv-rv4w-4w6g.fwxs,2025-11-24T21:27:53.701Z,2025-11-24T21:27:53.701Z,1,Manhattan,61,MN0903,Hamilton Heights-Sugar Hill,HmltnHts,0,MN09,MN09 Morningside Heights-Hamilton Heights (CD 9 Equivalent),17103.2131521,0.054518642911336,0.000158518429711,1.484944236325918,7309,2649,4922.070352004658,1783.9053717964618
row-m6sb-ub4s-uf6k,rv-2c97~8r4i-e7fj,2025-11-24T21:27:53.701Z,2025-11-24T21:27:53.701Z,1,Manhattan,61,MN1001,Harlem (South),Hrlm_S,0,MN10,MN10 Harlem (CD 10 Equivalent),16663.3393423,0.052990041028908,0.000143026453944,1.340272155091195,6144,2370,4584.143583570868,1768.2975737407155
row-b5bb.3jr5.vk5z,rv-mxcz-tehf.pqyu,2025-11-24T21:27:53.701Z,2025-11-24T21:27:53.701Z,1,Manhattan,61,MN1002,Harlem (North),Hrlm_N,0,MN10,MN10 Harlem (CD 10 Equivalent),32470.1550555,0.078292009559829,0.00023593947825,2.210462602521514,11436,4725,5173.577687744977,2137.5616102304143
row-p2hf-ye72~r4eh,rv-tjxs-pd8a_mxp4,2025-11-24T21:27:53.701Z,2025-11-24T21:27:53.701Z,1,Manhattan,61,MN1101,East Harlem (South),EstHrlm_S,0,MN11,MN11 East Harlem (CD 11 Equivalent),21636.7245234,0.059932565541029,0.000165075887738,1.547221598182379,2685,1875,1735.3687430127932,1211.8496808748557
row-n5aq.m5fn~497h,rv-pgp2-6ncb_i7w6,2025-11-24T21:27:53.701Z,2025-11-24T21:27:53.701Z,1,Manhattan,61,MN1102,East Harlem (North),EstHrlm_N,0,MN11,MN11 East Harlem (CD 11 Equivalent),37229.5260912,0.087593978300571,0.000258942581364,2.426596772152155,4506,2901,1856.92161619568,1195.5014666186569
row-edc2~3nuh~u6e3,rv-bayn.vfch_kh2g,2025-11-24T21:27:53.701Z,2025-11-24T21:27:53.701Z,1,Manhattan,61,MN1191,Randall's Island,RndllsIsl,9,MN11,MN11 East Harlem (CD 11 Equivalent),28220.9641658,0.078751337515518,0.00023260696049,2.180144090139409,3,57,1.376055836661771,26.145060896573646
row-4cmn.aacr-9fj2,rv-aanu~jfy9-i5xr,2025-11-24T21:27:53.701Z,2025-11-24T21:27:53.701Z,1,Manhattan,61,MN1201,Washington Heights (South),WshHts_S,0,MN12,MN12 Washington Heights-Inwood (CD 12 Equivalent),22198.2608859,0.068843900085242,0.000208586735417,1.953563465796352,8077,4017,4134.495828476955,2056.242384919144
row-wx35-wqbk.mp2k,rv-y4ve~9f2n.is55,2025-11-24T21:27:53.701Z,2025-11-24T21:27:53.701Z,1,Manhattan,61,MN1202,Washington Heights (North),WshHts_N,0,MN12,MN12 Washington Heights-Inwood (CD 12 Equivalent),26731.5955312,0.083107341065168,0.000245799023718,2.3015505214051,8829,3930,3836.109578255046,1707.5445285470983
row-p2r7.ir5d.6rnm,rv-es56-hb4f-krdn,2025-11-24T21:27:53.701Z,2025-11-24T21:27:53.701Z,1,Manhattan,61,MN1203,Inwood,Inwd,0,MN12,MN12 Washington Heights-Inwood (CD 12 Equivalent),23742.6967587,0.073067871351249,0.00014326288215,1.341257711853327,4865,2512,3627.192564863337,1872.8690077978833
row-4km7_mjj6~b4je,rv-m93r-sqru.tt68,2025-11-24T21:27:53.701Z,2025-11-24T21:27:53.701Z,1,Manhattan,61,MN1291,Highbridge Park,HghbrdgPk,9,MN12,MN12 Washington Heights-Inwood (CD 12 Equivalent),27608.2158158,0.080854243910523,7.6898172683e-05,0.720145254800475,1,71,1.388608747102086,98.5912210442481
row-yagp-tzrp.ubcf,rv-n27m_6mj3_wf68,2025-11-24T21:27:53.701Z,2025-11-24T21:27:53.701Z,1,Manhattan,61,MN1292,Inwood Hill Park,InwdHlPk,9,MN12,MN12 Washington Heights-Inwood (CD 12 Equivalent),23769.6972557,0.065823390754811,9.9318584335e-05,0.929754276488181,5,19,5.3777649927954485,20.435506972622704
row-ime5~ca64-rndk,rv-zded.srpq~ggsu,2025-11-24T21:27:53.701Z,2025-11-24T21:27:53.701Z,1,Manhattan,61,MN6491,Central Park,CntrlPk,9,MN64,MN64 Central Park (JIA 64 Equivalent),32721.0974785,0.099740435048449,0.000379714763729,3.559384321147676,1,126,0.28094746444170526,35.39938051965486
row-czu8_iq6b_4w6j,rv-bz8a.ikae-xsna,2025-11-24T21:27:53.701Z,2025-11-24T21:27:53.701Z,4,Queens,81,QN0101,Astoria (North)-Ditmars-Steinway,Astr_N,0,QN01,QN01 Astoria-Queensbridge (CD 1 Equivalent),47392.9789879,0.148197619212547,0.000577784579732,5.416465159041295,826,1081,152.49798083187534,199.5766553017642
row-mz6e.uf2a-emek,rv-a68i_6rx4~8e2c,2025-11-24T21:27:53.701Z,2025-11-24T21:27:53.701Z,4,Queens,81,QN0102,Old Astoria-Hallets Point,OldAstr,0,QN01,QN01 Astoria-Queensbridge (CD 1 Equivalent),15102.2622804,0.047798593337846,0.000109906761668,1.030406677765443,394,734,382.37329833152376,712.3401039983208
row-r5ae~7qhe~q7ts,rv-9amw~wrby.qcdd,2025-11-24T21:27:53.701Z,2025-11-24T21:27:53.701Z,4,Queens,81,QN0103,Astoria (Central),Astr_C,0,QN01,QN01 Astoria-Queensbridge (CD 1 Equivalent),21571.9915364,0.068233591324626,0.00020891564457,1.958869176131706,2258,1090,1152.705871077621,556.4434895813139
row-rjuj.xns4_njvb,rv-xfqh.m8pr_cmcm,2025-11-24T21:27:53.701Z,2025-11-24T21:27:53.701Z,4,Queens,81,QN0104,Astoria (East)-Woodside (North),Astr_E,0,QN01,QN01 Astoria-Queensbridge (CD 1 Equivalent),24360.9286823,0.079175227618336,0.000258014754507,2.419409685870646,855,862,353.3919885471239,356.285256289615
row-4huq-hzf9.4nyf,rv-fyh2.bux8~mjci,2025-11-24T21:27:53.701Z,2025-11-24T21:27:53.701Z,4,Queens,81,QN0105,Queensbridge-Ravenswood-Dutch Kills,Qnsbrdg,0,QN01,QN01 Astoria-Queensbridge (CD 1 Equivalent),27093.7842312,0.087658184550611,0.000274650204659,2.575447925609034,401,838,155.70107087495188,325.3802927511463
row-kv2k.8hjz~vvh8,rv-xzrw~tesw~j36a,2025-11-24T21:27:53.701Z,2025-11-24T21:27:53.701Z,2,Bronx,5,QN0151,Rikers Island,RkrsIsl,5,QN01,QN01 Astoria-Queensbridge (CD 1 Equivalent),18897.4877455,0.061468029048168,0.000180044835415,1.687494361239083,6,2,3.555567436441303,1.1851891454804342
row-ps45_7zis_g98j,rv-9nff~dia2.jssm,2025-11-24T21:27:53.701Z,2025-11-24T21:27:53.701Z,4,Queens,81,QN0161,Sunnyside Yards (North),SnnysdYd_N,6,QN01,QN01 Astoria-Queensbridge (CD 1 Equivalent),16111.6114779,0.056226854826095,4.4582237567e-05,0.418095893790279,1,61,2.3917957933870784,145.8995433966118
row-vw4c.nv3i~njds,rv-eefc.6hyy-thqr,2025-11-24T21:27:53.701Z,2025-11-24T21:27:53.701Z,4,Queens,81,QN0171,St. Michael's Cemetery,StMchlCem,7,QN01,QN01 Astoria-Queensbridge (CD 1 Equivalent),8656.46241913,0.027248242716611,4.3484195392e-05,0.407725444745951,2,7,4.905261679820294,17.16841587937103
row-ggp3.n832~4b9u,rv-s5ca_puui_grye,2025-11-24T21:27:53.701Z,2025-11-24T21:27:53.701Z,4,Queens,81,QN0191,Astoria Park,AstrPk,9,QN01,QN01 Astoria-Queensbridge (CD 1 Equivalent),8570.89494423,0.027618553387712,2.650985495e-05,0.248513483387362,0,12,0.0,48.28711841480007
row-zweg_pxrs-rctp,rv-ub4a_jwj6~iy8r,2025-11-24T21:27:53.701Z,2025-11-24T21:27:53.701Z,4,Queens,81,QN0201,Long Island City-Hunters Point,LIC,0,QN02,QN02 Long Island City-Sunnyside-Woodside (CD 2 Approximation),37374.7359056,0.121879105323917,0.000273347208896,2.56372064911272,319,1069,124.42853323758303,416.97210668017635
row-m5k3~ghyr_qsun,rv-htfa-svrd_bxvk,2025-11-24T21:27:53.701Z,2025-11-24T21:27:53.701Z,4,Queens,81,QN0202,Sunnyside,Snnysd,0,QN02,QN02 Long Island City-Sunnyside-Woodside (CD 2 Approximation),34952.1550938,0.112809972609925,0.000472463228055,4.43168439429308,2879,1670,649.6401241269447,376.8318886043757
row-ts2p_yvax_npwv,rv-yzgs.9tkc.t8ew,2025-11-24T21:27:53.701Z,2025-11-24T21:27:53.701Z,4,Queens,81,QN0203,Woodside,Wdsd,0,QN02,QN02 Long Island City-Sunnyside-Woodside (CD 2 Approximation),31737.2242797,0.10203985692784,0.000326376965742,3.061189282554265,929,1052,303.4768236300761,343.65728574686773
row-tvuq.n98s_ak2m,rv-9dvx.qfsm_vkyp,2025-11-24T21:27:53.701Z,2025-11-24T21:27:53.701Z,4,Queens,81,QN0261,Sunnyside Yards (South),SnnysdYd_S,6,QN02,QN02 Long Island City-Sunnyside-Woodside (CD 2 Approximation),22732.905944,0.077981036698608,8.7009730565e-05,0.81602366651765,0,20,0.0,24.50909308224998
row-q8dg.zvv4_2jy6,rv-zfed~dvim_eeg5,2025-11-24T21:27:53.701Z,2025-11-24T21:27:53.701Z,4,Queens,81,QN0271,Calvary & Mount Zion Cemeteries,ClvryCem,7,QN02,QN02 Long Island City-Sunnyside-Woodside (CD 2 Approximation),22214.0785922,0.06944747019274,0.000141544577672,1.327762943934336,0,19,0.0,14.309783298892576
row-a44j~73hp_nn64,rv-djm2-bkn9.t2py,2025-11-24T21:27:53.701Z,2025-11-24T21:27:53.701Z,4,Queens,81,QN0301,Jackson Heights,JcksnHts,0,QN03,QN03 Jackson Heights-East Elmhurst (CD 3 Approximation),27113.8071125,0.08673798220558,0.000389508689192,3.652649544591909,3941,2095,1078.9428199688691,573.5562567456942
row-wvrr~kat7.ffpr,rv-i3uk.kr2n.ue39,2025-11-24T21:27:53.701Z,2025-11-24T21:27:53.701Z,4,Queens,81,QN0302,East Elmhurst,EstElmhrst,0,QN03,QN03 Jackson Heights-East Elmhurst (CD 3 Approximation),24418.5675844,0.081215486807787,0.000285002006017,2.672290892545548,285,813,106.65006597710519,304.2333461031106
row-7yht~bqwb.45va,rv-qgjy_bie8-56m2,2025-11-24T21:27:53.701Z,2025-11-24T21:27:53.701Z,4,Queens,81,QN0303,North Corona,NrthCrna,0,QN03,QN03 Jackson Heights-East Elmhurst (CD 3 Approximation),15547.7125587,0.051864334172557,0.000138313496464,1.297074275623981,341,789,262.899362363775,608.2920730352448
row-iv87~bm4b~y3ur,rv-6ihk~47ea.anwi,2025-11-24T21:27:53.701Z,2025-11-24T21:27:53.701Z,4,Queens,81,QN0401,Elmhurst,Elmhrst,0,QN04,QN04 Elmhurst-Corona (CD 4 Approximation),31838.0546906,0.103891677499814,0.000417007818443,3.911458249393965,2744,1825,701.5286435500497,466.57790615118097
row-c89k_rqy3-dhm2,rv-iywf.c8q7-fgbe,2025-11-24T21:27:53.701Z,2025-11-24T21:27:53.701Z,4,Queens,81,QN0402,Corona,Crna,0,QN04,QN04 Elmhurst-Corona (CD 4 Approximation),22083.4236607,0.070782119419265,0.000237980661549,2.232088832190702,1474,1369,660.3679830042115,613.3268444591354
row-mb9h-mtd5-6wz5,rv-rktg.anpc.wvar,2025-11-24T21:27:53.701Z,2025-11-24T21:27:53.701Z,4,Queens,81,QN0501,Maspeth,Mspth,0,QN05,QN05 Ridgewood-Maspeth-Middle Village (CD 5 Approximation),53783.9659708,0.176483868773782,0.000577446585978,5.417654559027632,201,1205,37.100925836082794,222.42097329591923
row-788v~5xx6-qjg2,rv-ywe7-p93c_8fw5,2025-11-24T21:27:53.701Z,2025-11-24T21:27:53.701Z,4,Queens,81,QN0502,Ridgewood,Rdgwd,0,QN05,QN05 Ridgewood-Maspeth-Middle Village (CD 5 Approximation),33457.7886359,0.111256129553288,0.00042122346761,3.952971914649992,1209,1829,305.84583602007416,462.68985449190706
row-a73j.s7ii-5uv9,rv-qap4-8bjf_259y,2025-11-24T21:27:53.701Z,2025-11-24T21:27:53.701Z,4,Queens,81,QN0503,Glendale,Glndl,0,QN05,QN05 Ridgewood-Maspeth-Middle Village (CD 5 Approximation),41557.487625,0.137586139136219,0.000297045708401,2.787713674008833,217,1051,77.84156673735656,377.0114591749389
row-qcys-evci-rbax,rv-hxzr_2b2h-7hnk,2025-11-24T21:27:53.701Z,2025-11-24T21:27:53.701Z,4,Queens,81,QN0504,Middle Village,MddlVlg,0,QN05,QN05 Ridgewood-Maspeth-Middle Village (CD 5 Approximation),35018.3937272,0.113000004782208,0.000345998147833,3.246369360805835,250,969,77.00910531571286,298.4872922037031
row-6tyd~q8i3~v22f,rv-dq89-7ty5~hrzi,2025-11-24T21:27:53.701Z,2025-11-24T21:27:53.701Z,4,Queens,81,QN0571,Mount Olivet & All Faiths Cemeteries,MtOlvtCem,7,QN05,QN05 Ridgewood-Maspeth-Middle Village (CD 5 Approximation),19128.4475465,0.060858289689991,7.5714057461e-05,0.710417094168946,0,5,0.0,7.0381189318776975
row-f34c-2xbg~2etn,rv-whhg_gkkv-vnfa,2025-11-24T21:27:53.701Z,2025-11-24T21:27:53.701Z,4,Queens,81,QN0572,Middle Village Cemetery,MddlVlgCem,7,QN05,QN05 Ridgewood-Maspeth-Middle Village (CD 5 Approximation),10370.4604998,0.034371118906242,5.4565109364e-05,0.512038666495217,0,4,0.0,7.811910040659721
row-zxzw_9s4e~j9cq,rv-5gj9~ucrc_3cbe,2025-11-24T21:27:53.701Z,2025-11-24T21:27:53.701Z,4,Queens,81,QN0573,St. John Cemetery,StJhnCem,7,QN05,QN05 Ridgewood-Maspeth-Middle Village (CD 5 Approximation),11694.1569622,0.0369598774839,8.6674923123e-05,0.813291666605386,0,27,0.0,33.198422052811424
row-g8xv.ainm_ugwz,rv-vtr6~g8i3~9r6r,2025-11-24T21:27:53.701Z,2025-11-24T21:27:53.701Z,4,Queens,81,QN0574,Highland Park-Cypress Hills Cemeteries (North),CyHlsCem_N,7,QN05,QN05 Ridgewood-Maspeth-Middle Village (CD 5 Approximation),33067.8242367,0.106815261213806,0.000309081403519,2.901113946042152,0,40,0.0,13.787807285049954
row-twvp~qrm7-8wfk,rv-xhqb~ba8u-9ncy,2025-11-24T21:27:53.701Z,2025-11-24T21:27:53.701Z,4,Queens,81,QN0601,Rego Park,RegoPk,0,QN06,QN06 Forest Hills-Rego Park (CD 6 Approximation),26496.2223988,0.082637909397427,0.000199969288839,1.876041311020988,1431,505,762.7763800260958,269.18383781493947
row-7wb7~guhn_szug,rv-674s~4skz.e2r3,2025-11-24T21:27:53.701Z,2025-11-24T21:27:53.701Z,4,Queens,81,QN0602,Forest Hills,FrstHls,0,QN06,QN06 Forest Hills-Rego Park (CD 6 Approximation),36075.5951122,0.113226186788191,0.000573867848709,5.384206497129742,2690,2086,499.6093670318937,387.42941993625664
row-k8d4-9xdf-8jem,rv-yie8~gg4i~3ps8,2025-11-24T21:27:53.701Z,2025-11-24T21:27:53.701Z,4,Queens,81,QN0701,College Point,CllgPt,0,QN07,QN07 Flushing-Murray Hill-Whitestone (CD 7 Approximation),67457.4170399,0.212120772133929,0.000661158007719,6.197575816050351,173,676,27.914140162992155,109.07490607042021
row-26gw-yhge~epmz,rv-8mux.3jf3_3ejb,2025-11-24T21:27:53.701Z,2025-11-24T21:27:53.701Z,4,Queens,81,QN0702,Whitestone-Beechhurst,Whtstn,0,QN07,QN07 Flushing-Murray Hill-Whitestone (CD 7 Approximation),44452.5139882,0.140103114663987,0.000521738156255,4.890260291856308,144,807,29.446285352090868,165.02189082734256
row-ftks~kpw4.5e4g,rv-wkn4~6ftg~9q4f,2025-11-24T21:27:53.701Z,2025-11-24T21:27:53.701Z,4,Queens,81,QN0703,Bay Terrace-Clearview,ByTr_Clrvw,0,QN07,QN07 Flushing-Murray Hill-Whitestone (CD 7 Approximation),32939.9932327,0.103117294250685,0.00038969683453,3.652987825311757,177,434,48.453487518780406,118.80685640198134
row-nbwt.shqg~tf4v,rv-6naw.ad39~4vf8,2025-11-24T21:27:53.701Z,2025-11-24T21:27:53.701Z,4,Queens,81,QN0704,Murray Hill-Broadway Flushing,MryHl_BwyF,0,QN07,QN07 Flushing-Murray Hill-Whitestone (CD 7 Approximation),37469.2247349,0.121279780789561,0.000559390313207,5.244690882599751,1065,1273,203.0624919255657,242.72164527816446
row-digb.ib7y.96k9,rv-6rkd-fsse_7f4r,2025-11-24T21:27:53.701Z,2025-11-24T21:27:53.701Z,4,Queens,81,QN0705,East Flushing,EstFlshng,0,QN07,QN07 Flushing-Murray Hill-Whitestone (CD 7 Approximation),28376.4998965,0.093746244676206,0.000313649045497,2.941344271602174,615,830,209.08807103529045,282.18390074681474
row-vat3.84dc-mx8h,rv-vxmd.hrh3.z9eh,2025-11-24T21:27:53.701Z,2025-11-24T21:27:53.701Z,4,Queens,81,QN0706,Queensboro Hill,QnsboroHl,0,QN07,QN07 Flushing-Murray Hill-Whitestone (CD 7 Approximation),30839.6996673,0.102817990066103,0.000261772129339,2.455240921205536,70,440,28.510440419683796,179.20848263801244
row-xc3c.q6nk~m9em,rv-zds7-yuka-grjz,2025-11-24T21:27:53.701Z,2025-11-24T21:27:53.701Z,4,Queens,81,QN0707,Flushing-Willets Point,Flshng,0,QN07,QN07 Flushing-Murray Hill-Whitestone (CD 7 Approximation),30770.2718812,0.096324067302309,0.000381787483085,3.579994380664966,2025,1265,565.643345960746,353.35250994584874
row-wrhs~funz~3wzh,rv-u5w7_cy2b_xg6k,2025-11-24T21:27:53.701Z,2025-11-24T21:27:53.701Z,4,Queens,81,QN0761,Fort Totten,FtTttn,6,QN07,QN07 Flushing-Murray Hill-Whitestone (CD 7 Approximation),14563.7361997,0.046655740606397,6.8962891502e-05,0.646359379544155,0,5,0.0,7.735634630267531
row-rq83-fy6f-vfk4,rv-932e.8grj.qfrw,2025-11-24T21:27:53.701Z,2025-11-24T21:27:53.701Z,4,Queens,81,QN0791,Kissena Park,KssnPk,9,QN07,QN07 Flushing-Murray Hill-Whitestone (CD 7 Approximation),15363.2560009,0.051284363160241,0.000109121150452,1.023447069531616,0,3,0.0,2.931270301426492
row-u4ga-fx9b_3dr4,rv-ymbj.64t6.9xu7,2025-11-24T21:27:53.701Z,2025-11-24T21:27:53.701Z,4,Queens,81,QN0801,Kew Gardens Hills,KwGrdnsHls,0,QN08,QN08 Fresh Meadows-Hillcrest-Briarwood (CD 8 Approximation),28291.7157144,0.08877054863001,0.000339708664566,3.187007562802917,1054,1035,330.71775928671644,324.75605394853085
row-7w9e.ztts~6w5q,rv-y4t2.rsrv~2zim,2025-11-24T21:27:53.701Z,2025-11-24T21:27:53.701Z,4,Queens,81,QN0802,Pomonok-Electchester-Hillcrest,Pmnk_Hlcst,0,QN08,QN08 Fresh Meadows-Hillcrest-Briarwood (CD 8 Approximation),28608.0405763,0.089495536560223,0.000366149646757,3.435044569486488,338,820,98.39755879805901,238.71597104854553
row-6bwm.i7b9-k52p,rv-73rt~fewz_jruj,2025-11-24T21:27:53.701Z,2025-11-24T21:27:53.701Z,4,Queens,81,QN0803,Fresh Meadows-Utopia,FrshMdws,0,QN08,QN08 Fresh Meadows-Hillcrest-Briarwood (CD 8 Approximation),28347.5477283,0.093246629608513,0.000328774061093,3.084045700560591,141,455,45.71916686395738,147.5334817241178
row-ikn7_4kvg.hcv5,rv-p8p4_6kvf.t89x,2025-11-24T21:27:53.701Z,2025-11-24T21:27:53.701Z,4,Queens,81,QN0804,Jamaica Estates-Holliswood,JmcaEstts,0,QN08,QN08 Fresh Meadows-Hillcrest-Briarwood (CD 8 Approximation),32386.246518,0.106801004729436,0.000390240910782,3.661400663687466,578,774,157.86308385542412,211.3945102147029
row-ecem.3d9d.vrvq,rv-jcyg.dd6a-zrz7,2025-11-24T21:27:53.701Z,2025-11-24T21:27:53.701Z,4,Queens,81,QN0805,Jamaica Hills-Briarwood,JmcaHls,0,QN08,QN08 Fresh Meadows-Hillcrest-Briarwood (CD 8 Approximation),29695.3237304,0.096820037754398,0.000273704920073,2.568348042446523,1493,675,581.3075079099551,262.8148478494439
row-hfbi~262p-qy7j,rv-tiee_acqk-p77k,2025-11-24T21:27:53.701Z,2025-11-24T21:27:53.701Z,4,Queens,81,QN0871,Mount Hebron & Cedar Grove Cemeteries,MtHbrnCem,7,QN08,QN08 Fresh Meadows-Hillcrest-Briarwood (CD 8 Approximation),15876.2580695,0.048800037147699,9.120724019e-05,0.855545404739415,0,0,0.0,0.0
row-vzar.tyve-s5b3,rv-b6mk-vgp7~vmi3,2025-11-24T21:27:53.701Z,2025-11-24T21:27:53.701Z,4,Queens,81,QN0891,Cunningham Park,CnnghmPk,9,QN08,QN08 Fresh Meadows-Hillcrest-Briarwood (CD 8 Approximation),28158.2100341,0.090329270027309,0.000211000811427,1.97930939870408,0,14,0.0,7.073174112731576
row-csbu.533q-m9yx,rv-8wkj_47sr~rxhk,2025-11-24T21:27:53.701Z,2025-11-24T21:27:53.701Z,4,Queens,81,QN0901,Kew Gardens,KwGrdns,0,QN09,QN09 Kew Gardens-Richmond Hill-Woodhaven (CD 9 Approximation),21653.2152453,0.070582005064252,0.000200821641559,1.88454506457772,1102,582,584.7565127061215,308.8278497231966
row-zjrm.eb3u-mc9x,rv-h8ap_9x2s_429r,2025-11-24T21:27:53.701Z,2025-11-24T21:27:53.701Z,4,Queens,81,QN0902,Richmond Hill,RchmdHl,0,QN09,QN09 Kew Gardens-Richmond Hill-Woodhaven (CD 9 Approximation),26207.750938,0.086767210850094,0.00029962509584,2.812172603828063,514,918,182.77683215472578,326.43799984054135
row-4rmw_wz6y~eahx,rv-pxrp.dv96_73ev,2025-11-24T21:27:53.701Z,2025-11-24T21:27:53.701Z,4,Queens,81,QN0903,South Richmond Hill,SthRchmdHl,0,QN09,QN09 Kew Gardens-Richmond Hill-Woodhaven (CD 9 Approximation),21161.5684358,0.070483617052179,0.000156868331206,1.472443098333813,175,611,118.85009356084896,414.9566123753069
row-hte3~sdxj~a7wx,rv-5c3c-7iwh-vvac,2025-11-24T21:27:53.701Z,2025-11-24T21:27:53.701Z,4,Queens,81,QN0904,Ozone Park (North),OznPk_N,0,QN09,QN09 Kew Gardens-Richmond Hill-Woodhaven (CD 9 Approximation),24790.7563462,0.082559635339621,0.000179002709875,1.680375187779524,197,706,117.23572296989168,420.14426607484023
row-xvh8-8mr9_5fzy,rv-yvnd.u6uh.h9vg,2025-11-24T21:27:53.701Z,2025-11-24T21:27:53.701Z,4,Queens,81,QN0905,Woodhaven,Wdhvn,0,QN09,QN09 Kew Gardens-Richmond Hill-Woodhaven (CD 9 Approximation),21956.4208457,0.070798194342568,0.000234845494706,2.204370217709664,361,819,163.76559486231776,371.5346875131253
row-dent~dgrc_8bd9,rv-kzhn-b9kk.qd2b,2025-11-24T21:27:53.701Z,2025-11-24T21:27:53.701Z,4,Queens,81,QN1001,South Ozone Park,SthOznPk,0,QN10,QN10 South Ozone Park-Howard Beach (CD 10 Approximation),36690.0775064,0.116705605640356,0.000809803082775,7.602907865364808,681,2283,89.5709920545412,300.2798456101579
row-umw5_zxp6_ubwv,rv-iaa7_dqni.w5aq,2025-11-24T21:27:53.701Z,2025-11-24T21:27:53.701Z,4,Queens,81,QN1002,Ozone Park,OznPk,0,QN10,QN10 South Ozone Park-Howard Beach (CD 10 Approximation),25097.1962488,0.081731984098344,0.000248448138599,2.332598988467241,181,789,77.59584947729732,338.2493107049038
row-aszr.7phv~9wcy,rv-8ktd-garx.pn5t,2025-11-24T21:27:53.701Z,2025-11-24T21:27:53.701Z,4,Queens,81,QN1003,Howard Beach-Lindenwood,HwrdBch,0,QN10,QN10 South Ozone Park-Howard Beach (CD 10 Approximation),73875.0828125,0.227909656490345,0.000520419324311,4.887168896783234,409,927,83.68853392179804,189.68036905991877
row-r4pr~dv3q-ydcf,rv-m3ig~rh8n.6tb5,2025-11-24T21:27:53.701Z,2025-11-24T21:27:53.701Z,4,Queens,81,QN1091,Spring Creek Park,SpCrkPk,9,QN10,QN10 South Ozone Park-Howard Beach (CD 10 Approximation),28395.9685894,0.090301171974517,0.000117197093758,1.10074374221274,0,2,0.0,1.8169533228320287
row-s8uq~c293_eddc,rv-smmk-frts~v3ya,2025-11-24T21:27:53.701Z,2025-11-24T21:27:53.701Z,4,Queens,81,QN1101,Auburndale,Abrndl,0,QN11,QN11 Auburndale-Bayside-Douglaston (CD 11 Approximation),39268.992231,0.121378823087622,0.000549482435817,5.152836349285587,185,1168,35.90255685602149,226.67127788017893
row-vgds_hjzu~smwy,rv-zr4c_eumu-85hi,2025-11-24T21:27:53.701Z,2025-11-24T21:27:53.701Z,4,Queens,81,QN1102,Bayside,Bysd,0,QN11,QN11 Auburndale-Bayside-Douglaston (CD 11 Approximation),41945.5003159,0.1316919869197,0.000697620181734,6.541385278767994,118,1347,18.03899250255202,205.91968560116587
row-wkkk_nxrk_u98r,rv-kjmd-x7yx~svgv,2025-11-24T21:27:53.701Z,2025-11-24T21:27:53.701Z,4,Queens,81,QN1103,Douglaston-Little Neck,Dglstn,0,QN11,QN11 Auburndale-Bayside-Douglaston (CD 11 Approximation),51882.3063635,0.163264603375263,0.00067524176039,6.331368446670567,209,786,33.01024127096969,124.14377817694822
row-apjn-m8qg~fwbb,rv-5h75.nfzh~9xrz,2025-11-24T21:27:53.701Z,2025-11-24T21:27:53.701Z,4,Queens,81,QN1104,Oakland Gardens-Hollis Hills,OklndGrdns,0,QN11,QN11 Auburndale-Bayside-Douglaston (CD 11 Approximation),33891.0988063,0.110159779270449,0.000392569124191,3.682232789644461,139,489,37.74883554100912,132.79986028455727
row-vb9v.phge~33x3,rv-7qsi.e39x~9j82,2025-11-24T21:27:53.701Z,2025-11-24T21:27:53.701Z,4,Queens,81,QN1191,Alley Pond Park,AllyPndPk,9,QN11,QN11 Auburndale-Bayside-Douglaston (CD 11 Approximation),48184.4005105,0.152119421449362,0.000258881648182,2.427802513170705,0,35,0.0,14.416329091895566
row-jwqz.8npw.ebp3,rv-wsfx-5zzz_hwgr,2025-11-24T21:27:53.701Z,2025-11-24T21:27:53.701Z,4,Queens,81,QN1201,Jamaica,Jmca,0,QN12,QN12 Jamaica-St. Albans-Hollis (CD 12 Approximation),41775.4560623,0.135747543433716,0.000463580293777,4.350575832219044,2484,1917,570.9589019467837,440.63132650240914
row-mhwe~j9ax_pafk,rv-bnjr-mp3p~28uk,2025-11-24T21:27:53.701Z,2025-11-24T21:27:53.701Z,4,Queens,81,QN1202,South Jamaica,SthJmca,0,QN12,QN12 Jamaica-St. Albans-Hollis (CD 12 Approximation),33190.9473186,0.107802234919055,0.000374800705988,3.517908445629595,690,1389,196.13927157689625,394.8368814787085
row-7mta_a7hd.h57m,rv-nm39.grsr-7ms8,2025-11-24T21:27:53.701Z,2025-11-24T21:27:53.701Z,4,Queens,81,QN1203,Baisley Park,BslyPk,0,QN12,QN12 Jamaica-St. Albans-Hollis (CD 12 Approximation),32461.2902092,0.103722847556713,0.00047449376132,4.45460730795683,417,1397,93.6109450669543,313.6078903082378
row-teds-pgyd.39cx,rv-pqgj_r68b~tc3t,2025-11-24T21:27:53.701Z,2025-11-24T21:27:53.701Z,4,Queens,81,QN1204,Springfield Gardens (North)-Rochdale Village,SpfGrdns_N,0,QN12,QN12 Jamaica-St. Albans-Hollis (CD 12 Approximation),27779.4054352,0.090822428131861,0.000341022073357,3.201851543733555,495,764,154.5980484225698,238.61193736331984
row-i79e_5zm7.gnu7,rv-irkj-n66d_zcx3,2025-11-24T21:27:53.701Z,2025-11-24T21:27:53.701Z,4,Queens,81,QN1205,St. Albans,StAlbns,0,QN12,QN12 Jamaica-St. Albans-Hollis (CD 12 Approximation),41392.5382758,0.129763492592111,0.000735182677388,6.90059035327394,543,1926,78.68891967226793,279.10655485964645
row-zgt4-49pg_afzp,rv-r7kj_jh8i-5x39,2025-11-24T21:27:53.701Z,2025-11-24T21:27:53.701Z,4,Queens,81,QN1206,Hollis,Hlls,0,QN12,QN12 Jamaica-St. Albans-Hollis (CD 12 Approximation),22923.759064,0.073316359038141,0.000242260220817,2.273283088170313,612,711,269.2141613091301,312.76351093266584
row-4pbn-tdhj-e9de,rv-qp2d_6frs_dcy2,2025-11-24T21:27:53.701Z,2025-11-24T21:27:53.701Z,4,Queens,81,QN1301,Glen Oaks-Floral Park-New Hyde Park,GlnOks,0,QN13,QN13 Queens Village-Bellerose-Rosedale (CD 13 Approximation),33404.1390593,0.101023953705675,0.000449927100472,4.219825883816277,94,450,22.27580061075633,106.63947100893988
row-8hsv_w2qh.mzx4,rv-pjrs.w54c_tayz,2025-11-24T21:27:53.701Z,2025-11-24T21:27:53.701Z,4,Queens,81,QN1302,Bellerose,Bllrs,0,QN13,QN13 Queens Village-Bellerose-Rosedale (CD 13 Approximation),32397.5769591,0.102602219037543,0.000547913702088,5.139629066520896,103,774,20.040356739153257,150.594525399074
row-7ven.efjv-bpnd,rv-k44t-czxg-5frd,2025-11-24T21:27:53.701Z,2025-11-24T21:27:53.701Z,4,Queens,81,QN1303,Queens Village,QnsVlg,0,QN13,QN13 Queens Village-Bellerose-Rosedale (CD 13 Approximation),37292.3108773,0.116650264963547,0.000689676623709,6.471274552132617,703,1554,108.63393205413072,240.13816559334163
row-fa9c-t647_spiq,rv-cmbk.a4z7.8byc,2025-11-24T21:27:53.701Z,2025-11-24T21:27:53.701Z,4,Queens,81,QN1304,Cambria Heights,CmbriaHts,0,QN13,QN13 Queens Village-Bellerose-Rosedale (CD 13 Approximation),26160.9866802,0.083187993505757,0.000327360425568,3.07262868938817,84,832,27.33815520570639,270.777918227949
row-c4nb.q9y5~b6um,rv-b4re.ehga_s6fw,2025-11-24T21:27:53.701Z,2025-11-24T21:27:53.701Z,4,Queens,81,QN1305,Laurelton,Lrltn,0,QN13,QN13 Queens Village-Bellerose-Rosedale (CD 13 Approximation),30011.2806173,0.096054698389865,0.000394235708469,3.701332454440336,170,895,45.929405718758936,241.80481246052497
row-pjmq-4dm5~my7a,rv-g34h~qpj6-4utj,2025-11-24T21:27:53.701Z,2025-11-24T21:27:53.701Z,4,Queens,81,QN1306,Springfield Gardens (South)-Brookville,SpfGrdns_S,0,QN13,QN13 Queens Village-Bellerose-Rosedale (CD 13 Approximation),46029.1325731,0.155714682297337,0.00056822334345,5.336078026461656,227,857,42.54060732888558,160.6048479332817
row-k74b-9bzh~ceh3,rv-gxi4.crmy-365c,2025-11-24T21:27:53.701Z,2025-11-24T21:27:53.701Z,4,Queens,81,QN1307,Rosedale,Rsdl,0,QN13,QN13 Queens Village-Bellerose-Rosedale (CD 13 Approximation),55266.0269836,0.167909670021219,0.000467288628103,4.388291451188291,180,1084,41.01824183789306,247.02096751264486
row-uf58_mdni_66m8,rv-gt8n~4qp8.q9rd,2025-11-24T21:27:53.701Z,2025-11-24T21:27:53.701Z,4,Queens,81,QN1371,Montefiore Cemetery,MntfrCem,7,QN13,QN13 Queens Village-Bellerose-Rosedale (CD 13 Approximation),11843.0837057,0.039500509267963,5.2670687472e-05,0.49443326115528,0,1,0.0,2.0225176551905624
row-i9az.jxy6_hanb,rv-km6n_mz5a_x5fr,2025-11-24T21:27:53.701Z,2025-11-24T21:27:53.701Z,4,Queens,81,QN1401,Far Rockaway-Bayswater,FrRckwy,0,QN14,QN14 The Rockaways (CD 14 Approximation),48622.4860573,0.155502129747308,0.000597758114369,5.618274689300171,1748,1941,311.1275430033728,345.4797259551182
row-qzie~6z86~56gp,rv-j55a~8hvr_ybka,2025-11-24T21:27:53.701Z,2025-11-24T21:27:53.701Z,4,Queens,81,QN1402,Rockaway Beach-Arverne-Edgemere,RckwyBch,0,QN14,QN14 The Rockaways (CD 14 Approximation),67307.1100702,0.217425010239122,0.000499111878073,4.691807477981643,808,1213,172.2150799647882,258.53575742238627
row-vdhh~h39y_xm5v,rv-e99s_3i3d_2au3,2025-11-24T21:27:53.701Z,2025-11-24T21:27:53.701Z,4,Queens,81,QN1403,Breezy Point-Belle Harbor-Rockaway Park-Broad Channel,BrzyPt,0,QN14,QN14 The Rockaways (CD 14 Approximation),104333.596537,0.341801936917626,0.000684092544086,6.43195048007509,362,665,56.28152783846896,103.39009948227033
row-h5tj-ptda_p4s9,rv-ayra_5mfg~cysz,2025-11-24T21:27:53.701Z,2025-11-24T21:27:53.701Z,4,Queens,81,QN1491,Rockaway Community Park,RckwyCPk,9,QN14,QN14 The Rockaways (CD 14 Approximation),21696.3677108,0.067594827328192,8.8267191469e-05,0.829594863254467,0,1,0.0,1.2054076565482104
row-qwvt~qgbp~k787,rv-8unp-ngfu-p9j5,2025-11-24T21:27:53.701Z,2025-11-24T21:27:53.701Z,4,Queens,81,QN8081,LaGuardia Airport,LGA,8,QN80,QN80 LaGuardia Airport (JIA 80 Approximation),45928.7995297,0.130950316846127,0.000303160570366,2.842117589524216,0,5,0.0,1.7592516292885065
row-ectz-zkbj_3wj6,rv-fmpz-jr8x_c945,2025-11-24T21:27:53.701Z,2025-11-24T21:27:53.701Z,4,Queens,81,QN8191,Flushing Meadows-Corona Park,FlshMdwCPk,9,QN81,QN81 Flushing Meadows-Corona Park (JIA 81 Approximation),61510.7659461,0.190716202789181,0.000546823829359,5.129021764111894,6,114,1.1698137141827705,22.22646056947264
row-fgp4-raid.y2yv,rv-imia~ferc.23gj,2025-11-24T21:27:53.701Z,2025-11-24T21:27:53.701Z,4,Queens,81,QN8291,Forest Park,FrstPk,9,QN82,QN82 Forest Park (JIA 82 Approximation),29485.1239276,0.097930885560114,0.000237677371894,2.230602068165768,0,106,0.0,47.52080234874174
row-y2k2-3hnr_bxmx,rv-p8er-mnur_8ns9,2025-11-24T21:27:53.701Z,2025-11-24T21:27:53.701Z,4,Queens,81,QN8381,John F. Kennedy International Airport,JFK,8,QN83,QN83 JFK International Airport (JIA 83 Approximation),107123.911719,0.334713730566539,0.001950416588573,18.31955925977544,0,24,0.0,1.3100751857440807
row-2myr-tp3v.qwhs,rv-nb35~buuh_j3fa,2025-11-24T21:27:53.701Z,2025-11-24T21:27:53.701Z,4,Queens,81,QN8491,Jamaica Bay (East),JmcaBy_E,9,QN84,QN84 Jamaica Bay (East) (JIA 84 Approximation),175420.883968,0.467207839901968,0.000691277081345,6.495794625421236,0,1,0.0,0.15394575377837666
row-pjfv.ivkw-ns5d,rv-66ij-9dc9_9kmt,2025-11-24T21:27:53.701Z,2025-11-24T21:27:53.701Z,4,Queens,81,QN8492,Jacob Riis Park-Fort Tilden-Breezy Point Tip,JcbRsPk,9,QN84,QN84 Jamaica Bay (East) (JIA 84 Approximation),63381.1042486,0.209937408381587,0.000519930515196,4.88988200787153,0,13,0.0,2.658550856456891
row-wcrf.t37n_x7dz,rv-7drd.hgda_ix3e,2025-11-24T21:27:53.701Z,2025-11-24T21:27:53.701Z,5,Staten Island,85,SI0101,St. George-New Brighton,StGrg,0,SI01,SI01 North Shore (CD 1 Equivalent),31945.028276,0.106245816427793,0.000262182610438,2.462760643288381,653,1035,265.14960021778126,420.2600861032214
row-c9h8_r5ry_d8t9,rv-m99v~w9na_k2mx,2025-11-24T21:27:53.701Z,2025-11-24T21:27:53.701Z,5,Staten Island,85,SI0102,Tompkinsville-Stapleton-Clifton-Fox Hills,Tkvl_Stptn,0,SI01,SI01 North Shore (CD 1 Equivalent),31620.254464,0.099485803980736,0.000239699479308,2.252103757285239,226,615,100.35061629328656,273.078004514917
row-p9s6-dgax~hqwv,rv-i29z-mic6_9y66,2025-11-24T21:27:53.701Z,2025-11-24T21:27:53.701Z,5,Staten Island,85,SI0103,Rosebank-Shore Acres-Park Hill,Rsbnk_PkHl,0,SI01,SI01 North Shore (CD 1 Equivalent),35208.6948449,0.113285115069385,0.000348488469615,3.274929876503793,408,662,124.5828202085253,202.14173278932293
row-67q5.r5ba-cexx,rv-kzs8~4c72_gne7,2025-11-24T21:27:53.701Z,2025-11-24T21:27:53.701Z,5,Staten Island,85,SI0104,West New Brighton-Silver Lake-Grymes Hill,WstNwBrgtn,0,SI01,SI01 North Shore (CD 1 Equivalent),55177.8673975,0.175662053412804,0.000844052485898,7.93009143877691,651,1182,82.09236993368218,149.05250577820635
row-iapw_k6rf_ujsw,rv-twwx.b7ta-ccrq,2025-11-24T21:27:53.701Z,2025-11-24T21:27:53.701Z,5,Staten Island,85,SI0105,Westerleigh-Castleton Corners,Wstrlgh,0,SI01,SI01 North Shore (CD 1 Equivalent),42608.1040117,0.141696326844118,0.000756617881585,7.109780302254777,88,1079,12.377316352812183,151.76277664414027
row-dwrs_xdqx-5cqg,rv-5phj.ynss.7b68,2025-11-24T21:27:53.701Z,2025-11-24T21:27:53.701Z,5,Staten Island,85,SI0106,Port Richmond,PrtRchmnd,0,SI01,SI01 North Shore (CD 1 Equivalent),39708.1608207,0.127096474653132,0.000358351790867,3.3665215207397,224,754,66.53752207435234,223.97005198241814
row-ur77_s6qm.2zwf,rv-mpr4~s5rp-apuz,2025-11-24T21:27:53.701Z,2025-11-24T21:27:53.701Z,5,Staten Island,85,SI0107,Mariner's Harbor-Arlington-Graniteville,MrnrsHrbr,0,SI01,SI01 North Shore (CD 1 Equivalent),71332.7003512,0.22186529779286,0.000883948925945,8.304528943502065,407,947,49.00940231154952,114.034162135227
row-n2gz_3si9.8w9y,rv-pu8i-fetr.9c5q,2025-11-24T21:27:53.701Z,2025-11-24T21:27:53.701Z,5,Staten Island,85,SI0191,Snug Harbor,SngHrbr,9,SI01,SI01 North Shore (CD 1 Equivalent),9028.40258177,0.028788575024845,3.7270608348e-05,0.350091998920645,0,2,0.0,5.712784085800652
row-wanf~64bh-qng5,rv-8uz4_7683.vsbn,2025-11-24T21:27:53.701Z,2025-11-24T21:27:53.701Z,5,Staten Island,85,SI0201,Grasmere-Arrochar-South Beach-Dongan Hills,Grsmr_SBch,0,SI02,SI02 Mid-Island (CD 2 Approximation),43110.1442808,0.138830369193803,0.000791773409034,7.442701079683501,244,1013,32.78379682156683,136.10650073871804
row-x2e6~fbkf-9yg3,rv-re4h-h2w3_urzq,2025-11-24T21:27:53.701Z,2025-11-24T21:27:53.701Z,5,Staten Island,85,SI0202,New Dorp-Midland Beach,NwDrp_MBch,0,SI02,SI02 Mid-Island (CD 2 Approximation),49754.8656472,0.161476326493792,0.00061435694479,5.776613813897039,95,1127,16.445620749556525,195.09699562894951
row-bnkt.7c5b.mm94,rv-fd7g-5jxz.irdt,2025-11-24T21:27:53.701Z,2025-11-24T21:27:53.701Z,5,Staten Island,85,SI0203,Todt Hill-Emerson Hill-Lighthouse Hill-Manor Heights,TdtHl,0,SI02,SI02 Mid-Island (CD 2 Approximation),71383.0338012,0.232484085918284,0.001841246346968,17.30877766279774,90,1620,5.199673931535883,93.5941307676459
row-gucu.si8b~neh6,rv-vdd7.nnz5-d8wd,2025-11-24T21:27:53.701Z,2025-11-24T21:27:53.701Z,5,Staten Island,85,SI0204,New Springville-Willowbrook-Bulls Head-Travis,NwSprngvl,0,SI02,SI02 Mid-Island (CD 2 Approximation),91480.449569,0.284376729872944,0.002069708283641,19.45242062789473,60,1181,3.0844490332457717,60.71223847105427
row-dmt3_eqjt~jdhi,rv-6488_uzi6.m4mw,2025-11-24T21:27:53.701Z,2025-11-24T21:27:53.701Z,5,Staten Island,85,SI0291,Freshkills Park (North),FrshklPk_N,9,SI02,SI02 Mid-Island (CD 2 Approximation),44217.7663665,0.137056311418494,0.000673734921633,6.334131252399533,2,116,0.31574969325783203,18.31348220895426
row-spam~7kww-chd7,rv-4fhs_dfuy-vvtr,2025-11-24T21:27:53.701Z,2025-11-24T21:27:53.701Z,5,Staten Island,85,SI0301,Oakwood-Richmondtown,Okwd_Rmtwn,0,SI03,SI03 South Shore (CD 3 Approximation),44192.9044817,0.142906397003468,0.000552581998549,5.196704015359526,202,681,38.87079183323951,131.04460019027775
row-v538-5mkq-w7pg,rv-3jnk~mhbb-gumy,2025-11-24T21:27:53.701Z,2025-11-24T21:27:53.701Z,5,Staten Island,85,SI0302,Great Kills-Eltingville,GrtKls_Evl,0,SI03,SI03 South Shore (CD 3 Approximation),67428.0398167,0.215479481512642,0.00115308670111,10.84596528256398,110,1669,10.142020293651175,153.88210791003465
row-7avr.past~kv2k,rv-ie8y~9rid-qx9n,2025-11-24T21:27:53.701Z,2025-11-24T21:27:53.701Z,5,Staten Island,85,SI0303,Arden Heights-Rossville,ArdnHts,0,SI03,SI03 South Shore (CD 3 Approximation),38159.8607048,0.124463145419408,0.000669416959881,6.296333401772004,8,751,1.2705807474789257,119.27576766958416
row-sx8y~zsrw-k3am,rv-byv5_wwkk.c46j,2025-11-24T21:27:53.701Z,2025-11-24T21:27:53.701Z,5,Staten Island,85,SI0304,Annadale-Huguenot-Prince's Bay-Woodrow,Anndl_Wdrw,0,SI03,SI03 South Shore (CD 3 Approximation),67585.202318,0.212586239149381,0.001781475228263,16.761989525581953,46,1360,2.7443043040800936,81.13595333802016
row-imgv.hg7d.ii8s,rv-g8ff.mwi9.4jvh,2025-11-24T21:27:53.701Z,2025-11-24T21:27:53.701Z,5,Staten Island,85,SI0305,Tottenville-Charleston,Tttnvl,0,SI03,SI03 South Shore (CD 3 Approximation),83178.7954811,0.258265348916392,0.001251649668161,11.777481442092636,34,513,2.886865088021641,43.55769971044417
row-w9rg_rxtr~8iw7,rv-cqza.g993~i6ip,2025-11-24T21:27:53.701Z,2025-11-24T21:27:53.701Z,5,Staten Island,85,SI0391,Freshkills Park (South),FrshklPK_S,9,SI03,SI03 South Shore (CD 3 Approximation),33945.4197532,0.108694107359726,0.000471830248592,4.436885394328973,0,14,0.0,3.1553666042161397
row-veum_prjx_dygf,rv-3pmj.q2t3_es43,2025-11-24T21:27:53.701Z,2025-11-24T21:27:53.701Z,5,Staten Island,85,SI9561,Fort Wadsworth,FtWdswrth,6,SI95,SI95 Great Kills Park-Fort Wadsworth (JIA 95 Approximation),14814.4135523,0.046651300596233,9.7530953202e-05,0.91668708638786,0,3,0.0,3.2726543708838376
row-fhjk.e97m_sp4n,rv-r2i5_h2v3.ax4a,2025-11-24T21:27:53.701Z,2025-11-24T21:27:53.701Z,5,Staten Island,85,SI9591,Hoffman & Swinburne Islands,HffmnIsl,9,SI95,SI95 Great Kills Park-Fort Wadsworth (JIA 95 Approximation),4743.12777694,0.014577987361215,6.281155319e-06,0.059058143424279,0,0,0.0,0.0
row-jpnm-rihg_f3d3,rv-ma8m_vkbg_kum2,2025-11-24T21:27:53.701Z,2025-11-24T21:27:53.701Z,5,Staten Island,85,SI9592,Miller Field,MllrFld,9,SI95,SI95 Great Kills Park-Fort Wadsworth (JIA 95 Approximation),19197.2008558,0.062026554751159,0.000107359318813,1.009550351643331,0,7,0.0,6.933779963134581
row-uvun.5ri2-teat,rv-h3fc.8u8f~b8y3,2025-11-24T21:27:53.701Z,2025-11-24T21:27:53.701Z,5,Staten Island,85,SI9593,Great Kills Park,GrtKlsPk,9,SI95,SI95 Great Kills Park-Fort Wadsworth (JIA 95 Approximation),41465.4293799,0.132188263403659,0.000230893054402,2.171929318650026,0,17,0.0,7.827142372462856
