NTACode,NTAName,area_km2,svc_311_density,mob_mta_delay_density,util_outage_density,clim_flood_share,z_311,z_mta,z_outage,z_flood,baseline_stress_score,baseline_rank,event_stress,event_delta,delta_rank
BK0101,Greenpoint,3.281529921409245,805.7217405668332,78.08876290276943,9.147623768825616,0.1967983888440023,-0.20160319635965343,-0.25218847728159166,-0.2722307164112254,0.5631488318503926,-0.040718389550519485,108,-0.2855364857658039,-0.1468933813898591,202
BK0102,Williamsburg,2.680535764498503,1309.812779407876,120.40291042014104,17.544500270861327,0.1520429923856739,0.11917430054135421,-0.09012872312519753,0.08213981933007974,0.3043517913815678,0.10388429703195107,89,0.0818393189420412,-0.0733785129499309,186
BK0103,South Williamsburg,1.412969583018401,513.1037558864127,291.92169752597135,14.871368176866566,0.0224706219852141,-0.3878101658186,0.5667743247304234,-0.030673469281053824,-0.4448974308299201,-0.07415168529978763,115,0.305678205747402,0.6329043377174828,16
BK0104,East Williamsburg,4.855847739564011,549.85249604217,135.82241596072708,11.745484609854524,0.0574292591050499,-0.3644251659413327,-0.03107326711974112,-0.16259407500134127,-0.24274992368268902,-0.200210607936276,132,-0.2910729204779525,0.0428652107423701,159
BK0201,Brooklyn Heights,0.927372840866212,732.1758521262932,533.6593555184842,21.579731513478887,0.0632855742995405,-0.24840400054684414,1.492609954729252,0.2524373170888905,-0.20888591709751791,0.3219393385434451,64,0.8846298858296877,1.0439906382946669,12
BK0202,Downtown Brooklyn-DUMBO-Boerum Hill,2.204742046343237,959.7494652535776,860.3650986775378,7.261582832665406,0.0494960480725971,-0.10358790909732295,2.7438664616954376,-0.3518266634059314,-0.2886235322099878,0.4999570892455488,48,1.3143135112360476,1.3502726648919106,7
BK0203,Fort Greene,1.628943267366694,838.5804633995873,783.5814547147487,39.92771943077539,0.0,-0.1806936025571368,2.449791330943172,1.0267712383334193,-0.5748332805253139,0.6802589215485351,37,1.2118174528332917,1.3488760938509317,8
BK0204,Clinton Hill,1.353291215256829,1224.4223425964772,239.85506314714965,11.830263085513304,0.0,0.06483623763386898,0.3673633366272455,-0.15901619770003173,-0.5748332805253139,-0.07541247599105778,116,0.4823769588060224,0.3378650687412436,38
BK0261,Brooklyn Navy Yard,0.938966663690258,20.235010181647542,0.0,0.0,0.5947869280905083,-0.7014463750862846,-0.5512621077548129,-0.6582847848416395,2.8645083158046405,0.23837876203047587,70,-0.5251826616437709,0.208738839999012,95
BK0301,Bedford-Stuyvesant (West),3.428763021219105,1651.6160390654547,175.910849222293,42.31497507947848,0.0,0.33668023819428966,0.12246218189804253,1.1275197801247956,-0.5748332805253139,0.25295722992295344,69,-0.0030815319716363,-0.4167521545774672,222
BK0302,Bedford-Stuyvesant (East),3.835962356102785,1771.654507815483,121.10433965252726,53.212814285005905,0.0,0.4130665187875577,-0.08744230603710776,1.5874375979882709,-0.5748332805253139,0.33455713255335173,62,0.471137253027026,0.0129461571430818,166
BK0401,Bushwick (West),2.149263169670636,1715.9369090036412,183.80579706603424,35.847639480697296,0.0,0.37761071715043887,0.15269919201644314,0.8545810057599139,-0.5748332805253139,0.20251440860037054,76,0.3885619082833637,-0.1311940401368644,200
BK0402,Bushwick (East),2.595167611431207,1652.3017554288965,231.94210304086516,64.77405683215059,0.0,0.33711659266540783,0.3370573410037403,2.075352802442401,-0.5748332805253139,0.5436733638965587,44,0.8446780008386754,0.3829552125958211,32
BK0471,The Evergreens Cemetery,0.518902182398902,0.0,0.0,0.0,0.0,-0.7143228902704439,-0.5512621077548129,-0.6582847848416395,-0.5748332805253139,-0.6246757658480525,262,-0.5251826613479207,0.228839162667788,51
BK0501,Cypress Hills,2.264891331251382,853.0210581593533,191.16494878656275,30.482721102198127,0.0,-0.17150435402090117,0.18088414642533995,0.6281671720520808,-0.5748332805253139,0.015678420982801422,97,0.2127012174782478,0.2768809940151283,43
BK0502,East New York (North),2.592655734546124,1146.3149389250805,181.3420267925959,37.04927018498749,0.0,0.01513272079145206,0.14326315163190434,0.9052930194877904,-0.5748332805253139,0.1222139028464582,85,0.2531376988286999,0.1636635775776503,119
BK0503,East New York-New Lots,4.316056440646436,1109.5777049854169,87.00028122377962,31.29678206960716,0.0,-0.00824495712427873,-0.21805808465888282,0.6625227114097083,-0.5748332805253139,-0.03465340272469178,107,-0.0795878748211191,-0.1054595456834629,195
BK0504,Spring Creek-Starrett City,2.516410438029322,373.5479657031397,0.0,2.7833487681308533,0.0259295458788112,-0.476616261550742,-0.5512621077548129,-0.5408200592525103,-0.42489628375700095,-0.49839867807876653,211,-0.5251826616056201,-0.0123655107889006,173
BK0505,East New York-City Line,2.929162566314726,1240.627625721727,99.70716834971036,22.203384007114423,0.0107604975308464,0.07514844268603815,-0.16939173724219503,0.27875711210224413,-0.5126109534915662,-0.08202428398636973,117,-0.1766530796693153,-0.2388929932122546,211
BK0571,Highland Park-Cypress Hills Cemeteries (South),0.752605749078727,17.273320082810216,0.0,0.0,0.0,-0.7033310416708877,-0.5512621077548129,-0.6582847848416395,-0.5748332805253139,-0.6219278036981635,250,-0.5251826609246459,0.2116808172835516,92
BK0601,Carroll Gardens-Cobble Hill-Gowanus-Red Hook,5.649602279953843,528.7097838017022,132.75462613448158,18.242754715819313,0.3778703161267674,-0.3778792958258636,-0.042822653417568045,0.11160801523405907,1.6101930455330453,0.3252747778809182,63,0.2507583600566198,0.5826792855771854,18
BK0602,Park Slope,2.399850112541115,1361.751712293245,473.78542675813856,14.593248289975625,0.0,0.15222555438030974,1.2632976621610148,-0.042410868693080445,-0.5748332805253139,0.19956976683073255,79,0.378698770515637,0.1978848830746395,104
BK0701,Windsor Terrace-South Slope,1.422559194821427,918.0637296179028,351.48179068661454,7.737315473108176,0.0,-0.13011455786384762,0.7948846523976209,-0.3317494798695939,-0.5748332805253139,-0.06045316646528365,113,0.6267296631663214,0.6962508332914912,14
BK0702,Sunset Park (West),4.680359190115616,535.4289912817773,175.8620751567467,8.337928213947777,0.1823588339150844,-0.3736035392847983,0.12227538118160612,-0.30640202374197517,0.47965244086723113,-0.019519435244484046,105,0.0047079540308083,0.3487890625010242,35
BK0703,Sunset Park (Central),1.742330583178676,825.3313199476412,108.03056221944328,20.674920584241285,0.0,-0.18912467302878988,-0.13751381358269119,0.21425188782114044,-0.5748332805253139,-0.17180496982891363,127,-0.3754149279398333,-0.218995453984485,208
BK0771,Green-Wood Cemetery,1.960408701024844,14.282736036298155,0.0,0.0,0.0,-0.7052340948711942,-0.5512621077548129,-0.6582847848416395,-0.5748332805253139,-0.6224035669982401,253,-0.5251826615176756,0.2146514948803823,88
BK0801,Prospect Heights,0.957734334080136,2345.1179727801964,211.0924013271411,8.358167000277584,0.0,0.7779890440490443,0.2572046739359918,-0.30554789309557245,-0.5748332805253139,0.038703136091037454,96,0.2467586562445236,-0.5927316867924355,233
BK0802,Crown Heights (North),3.290302175257139,3053.518936817656,9.12320726752178,57.17209887646983,0.0,1.2287788231505399,-0.5163209636307247,1.7545299449448104,-0.5748332805253139,0.4730386309848279,52,0.7077935709001257,-0.4929029613162676,225
BK0891,Lincoln Terrace Park,0.112841967575641,53.17170667002097,0.0,0.0,0.0,-0.6804871628772768,-0.5512621077548129,-0.6582847848416395,-0.5748332805253139,-0.6162168339997608,244,-0.5251826616437709,0.1760213759912122,113
BK0901,Crown Heights (South),1.863069174592342,3012.770581225563,586.79755874211,86.46880820657397,0.0,1.2028486746207907,1.696124964625125,2.9909290486173896,-0.5748332805253139,1.3287673518344978,10,2.794640240183458,1.6286971499242406,5
BK0902,Prospect Lefferts Gardens-Wingate,2.233274655731437,2675.4434277332907,318.9900884377683,34.94744185160208,0.0,0.988191099705807,0.6704440672148744,0.8165902700359592,-0.5748332805253139,0.47509803910783166,51,0.3252076950125167,-0.6070884865122758,234
BK1001,Bay Ridge,5.726157576488246,874.9322618314228,39.128014942917915,6.116179390144473,0.0238321450019914,-0.15756119588785014,-0.4014049830266416,-0.4001657370445246,-0.43702445561004405,-0.3490390928922651,173,-0.4383634118831924,-0.2569084930491196,212
BK1002,Dyker Heights,2.705246227082061,389.2436812067156,0.0,11.46640938557075,0.0,-0.46662831900988067,-0.5512621077548129,-0.17437179219386995,-0.5748332805253139,-0.4417738748709693,194,-0.4701361113769415,-0.0288286898433551,177
BK1061,Fort Hamilton,0.786398057351564,6.358103193742656,0.0,0.0,0.0138466393795002,-0.7102769218433594,-0.5512621077548129,-0.6582847848416395,-0.4947654099347742,-0.6036473060936465,241,-0.5251826603953285,0.2225233810866771,74
BK1091,Dyker Beach Park,0.928009408132604,17.24120451773884,0.0,0.0,0.0,-0.7033514783574807,-0.5512621077548129,-0.6582847848416395,-0.5748332805253139,-0.6219329128698118,251,-0.5251826612949462,0.2117127187114382,91
BK1101,Bensonhurst,4.518319252560057,833.7170946620553,288.9879060316985,5.536469818331391,0.0,-0.1837883991909331,0.5555381411794542,-0.42463102380775863,-0.5748332805253139,-0.15692864058613787,121,0.1459571944799526,0.3426335632620891,36
BK1102,Bath Beach,1.909786642624276,856.6401939810091,0.0,7.859202174138293,0.0085617453375465,-0.1692013229404744,-0.5512621077548129,-0.3266055366981883,-0.5253251869780279,-0.3930985385928759,182,-0.5251826616437709,-0.4803987291352993,224
BK1103,Gravesend (West),3.143370453380542,602.2198236177255,190.10930249682303,6.366535665483848,0.0456309354826369,-0.3311013038514555,0.17684110672753928,-0.3896000359297467,-0.3109734559849197,-0.21370842225964565,137,-0.1050525434981222,0.2232811992016546,71
BK1201,Sunset Park (East)-Borough Park (West),1.091532339416656,852.9293786179081,202.59395250463857,8.250432454940032,0.0,-0.1715626941451165,0.2246563040008527,-0.31009457763235926,-0.5748332805253139,-0.20795856207548424,136,-0.2201196683809603,-0.0850243894049712,189
BK1202,Borough Park,3.760835200968727,643.208189334355,108.8484567534046,7.981903419717143,0.0,-0.3050184252768384,-0.13438134383258657,-0.3214272175790062,-0.5748332805253139,-0.3339150668034363,166,-0.0637976073743878,0.1738797663855898,114
BK1203,Kensington,1.62313140862152,1578.43042552903,229.1104504538069,14.178862154266552,0.0,0.2901086943450808,0.3262123411859704,-0.059899066462738286,-0.5748332805253139,-0.004602827864250231,99,-0.0393157878822467,-0.2851650888120288,217
BK1204,Mapleton-Midwood (West),2.913102889181429,656.3448229380133,167.3471607920951,7.900214897820581,0.0,-0.29665895026062816,0.0896639495550639,-0.32487469060798096,-0.5748332805253139,-0.27667574295971475,151,0.2266592890519444,0.5258808896082039,21
BK1301,Gravesend (South),2.400206505104639,299.1409274464483,96.84301494361723,3.335101676921816,0.0694362851677998,-0.5239650569958548,-0.18036121256169882,-0.5175346180723673,-0.17331957436682513,-0.34879511549918657,172,-0.282984308032072,0.2514295281998268,46
BK1302,Coney Island-Sea Gate,4.421130609978991,425.9091544931643,215.44889470682517,11.316328089124374,0.778783283828067,-0.4432963058668607,0.2738896903552807,-0.1807056223286299,3.928462969100271,0.8945876828150152,24,-0.0473656257826152,0.4062439245181699,29
BK1303,Brighton Beach,1.260143388347968,1144.3142211700556,274.74893849301657,23.027283895286345,0.3533324229937449,0.013859567364765851,0.5010040500031561,0.31352788010126165,1.4683032484427816,0.5741736864779913,43,0.0301808557479432,0.0061314152689973,170
BK1391,Calvert Vaux Park,0.39225871234106,2.54933789496184,0.0,0.0,0.1988779983831166,-0.7127006233271932,-0.5512621077548129,-0.6582847848416395,0.5751741257064,-0.3367683475543114,168,-0.52518265952473,0.2263067954401973,62
BK1401,Flatbush,2.231920519356411,4554.373648991384,82.03067871772143,55.59134428776999,0.0,2.1838452311748755,-0.23709125932123787,1.6878178942986821,-0.5748332805253139,0.7649346464067515,32,0.7092508173535605,-1.2787180696991078,249
BK1402,Flatbush (West)-Ditmas Park-Parkville,2.12791308108002,1751.0113703088252,382.6858697240125,11.285558382366924,0.0,0.3999302924567082,0.9143937450811338,-0.18200418584395575,-0.5748332805253139,0.13937164279214306,82,0.3504723408840098,0.0422318529207683,160
BK1403,Midwood,2.993192195868472,1070.4290905283356,144.3807138388539,9.025956002860088,0.0,-0.03315711303476121,0.0017043198458717571,-0.277365419940234,-0.5748332805253139,-0.22091287341360932,139,-0.0406235735125236,0.0447934477511917,158
BK1501,Gravesend (East)-Homecrest,3.240431268562889,640.9640655396887,133.30670504670908,5.249424345392339,0.0,-0.30644646973333994,-0.04070823594634787,-0.4367451067054728,-0.5748332805253139,-0.3396832732276186,170,-0.1848605060980934,0.1183043280665011,133
BK1502,Madison,2.543596938619133,820.8847747448276,136.1149321724829,5.113965779373999,0.0,-0.1919542246972644,-0.029952953745958872,-0.4424618186993946,-0.5748332805253139,-0.309800569416983,160,0.0375680510132909,0.2148143279224088,87
BK1503,Sheepshead Bay-Manhattan Beach-Gerritsen Beach,5.887278766406183,563.9277723596997,58.808264859030345,3.7391229055387303,0.1748530858344683,-0.3554683871902012,-0.3260312215244818,-0.5004838469670491,0.4362506269300754,-0.18643320718791417,128,-0.4198613442827,-0.0448730809459619,183
BK1601,Ocean Hill,1.866402265045356,1887.5887936807592,214.7444533284292,53.07466620952965,0.0,0.48684110940589276,0.2711917369921986,1.5816073815373939,-0.5748332805253139,0.4412017368525428,54,0.2594403840637894,-0.3125331618687449,218
BK1602,Brownsville,2.860121688287184,1286.308906039313,231.7549789096851,24.838791443957636,0.0,0.10421764968721478,0.3363406707533631,0.38997831978159186,-0.5748332805253139,0.06392583992421394,91,0.1667181124638127,0.0392269081192316,161
BK1701,East Flatbush-Erasmus,1.836784598307014,3404.8630447818355,199.3543193356219,74.08729670470395,0.0,1.4523560638068769,0.21224877163328698,2.468396311219015,-0.5748332805253139,0.8895419665334663,25,0.6926392967596326,-0.6995207261779417,239
BK1702,East Flatbush-Farragut,2.24099941013811,1135.207795455518,81.69778435563542,15.62742808475251,0.0,0.008064708457651877,-0.2383662177369205,0.0012342710013129698,-0.5748332805253139,-0.20097512970081738,134,-0.2022538429296543,-0.2162363911529464,207
BK1703,East Flatbush-Rugby,2.527450561203353,1147.401276414788,0.0,35.23442817463464,0.0,0.01582400985213305,-0.5512621077548129,0.8287018566501982,-0.5748332805253139,-0.07039238044444887,114,0.2435011727569757,0.1878602985956068,109
BK1704,East Flatbush-Remsen Village,1.708558797489589,2341.1544313706145,0.0,45.09403734454098,0.0,0.7754668510436851,-0.5512621077548129,1.2448036038763879,-0.5748332805253139,0.22354376665998657,74,0.6877971551688535,-0.1346898433147354,201
BK1771,Holy Cross Cemetery,0.39730754396463,10.067767553782208,0.0,0.0,0.0,-0.7079162830776075,-0.5512621077548129,-0.6582847848416395,-0.5748332805253139,-0.6230741140498435,255,-0.5251826611954984,0.2188384081089405,83
BK1801,Flatlands,5.048084684212651,603.0009776816515,0.0,19.226714073100148,0.0,-0.3306042177578476,-0.5512621077548129,0.15313371880999535,-0.5748332805253139,-0.32589147180699474,162,-0.2128114197417622,0.0780440261112117,148
BK1802,Marine Park-Mill Basin-Bergen Beach,5.469318441597257,278.64532231459026,0.0,2.3783073289933494,0.0542954352167105,-0.5370074013445749,-0.5512621077548129,-0.5579138859569746,-0.2608711875264332,-0.4767636456456989,203,-0.5251826616437709,-0.0293723051165405,179
BK1803,Canarsie,6.552781866946321,437.52410170431295,14.849749428570249,13.74269869996212,0.0162988621079434,-0.4359051534639225,-0.4943887714624967,-0.07830632503503815,-0.4805854889663076,-0.3722964347319413,176,-0.2495140690733346,0.1486561021482398,123
BK1891,Marine Park-Plumb Island,4.042143326211217,5.195263578069045,0.0,0.0,0.2399799965461155,-0.7110168929050762,-0.5512621077548129,-0.6582847848416395,0.8128454753914225,-0.2769295775275265,152,-0.5251826616288714,0.2236784794025402,69
BK1892,McGuire Fields,0.98380196641436,10.164647298324445,0.0,0.0,0.7608871049061136,-0.7078546338127719,-0.5512621077548129,-0.6582847848416395,3.8249787301657667,0.4768943009391356,50,-0.5251826616045594,0.2187421728040616,84
BK1893,Canarsie Park & Pier,1.073225119949572,13.044793435936183,0.0,0.0,0.1424258860115358,-0.7060218575927141,-0.5512621077548129,-0.6582847848416395,0.24874109715348305,-0.41670691325892084,185,-0.5251826614731727,0.2158811975602226,85
BK5591,Prospect Park,2.538859631873218,25.20816794931652,82.75012611546943,0.0,0.0,-0.6982817143851654,-0.23433583412072706,-0.6582847848416395,-0.5748332805253139,-0.5414339034682115,226,-0.3732904519092736,0.3561122991463003,33
BK5691,Barren Island-Floyd Bennett Field,5.079594169026062,2.1655273303278655,0.0,0.0,0.1065001269720787,-0.7129448605437295,-0.5512621077548129,-0.6582847848416395,0.04100122996976861,-0.47037263079260333,201,-0.5251826614799526,0.2266880493385683,61
BK5692,Jamaica Bay (West),3.693157969741982,0.0,0.0,0.0,0.3213797353262363,-0.7143228902704439,-0.5512621077548129,-0.6582847848416395,1.2835375741832447,-0.1600830521709129,122,-0.5251826616276519,0.2288391623880568,54
BK5693,Shirley Chisholm State Park,1.698705817132086,0.0,0.0,0.0,0.0654778761221026,-0.7143228902704439,-0.5512621077548129,-0.6582847848416395,-0.19620898273002216,-0.5300196913992296,223,-0.525182661624049,0.2288391623916597,53
BX0101,Mott Haven-Port Morris,3.806730200512186,1686.22404580612,308.2699004015188,33.11896459655252,0.2276672674502223,0.35870298591170047,0.6293866162299129,0.7394236635834749,0.7416474053870938,0.6172901677780456,41,0.7009461144232698,0.3222687868307892,40
BX0102,Melrose,1.604621725629836,3169.5943777675548,342.2922183141899,38.66131723069257,0.0,1.3026432375729722,0.7596893353026437,0.9733256951009427,-0.5748332805253139,0.6152062468628111,42,0.7693353433407035,-0.5045922282144535,227
BX0201,Hunts Point,4.183205207764383,547.4271249590066,0.0,14.829801418590892,0.2595896468424788,-0.3659685468094035,-0.5512621077548129,-0.03242769710560371,0.9262378227489679,-0.005855132230213028,100,-0.293010567861902,0.0771665468861201,149
BX0202,Longwood,1.430416115718412,3814.274699540685,674.4371878405102,68.55175773176076,0.0,1.71288449160354,2.031777638242465,2.234781834337858,-0.5748332805253139,1.3511526709146373,9,1.5723736220498534,-0.092186992752697,192
BX0291,North & South Brother Islands,0.086461200041585,0.0,0.0,0.0,0.9382930102137071,-0.7143228902704439,-0.5512621077548129,-0.6582847848416395,4.850824256929146,0.7317386185155623,33,-0.5251826596803442,0.2288391643353645,49
BX0301,Morrisania,1.283127956409124,4104.8127536242555,0.0,76.42092699853556,0.0,1.8977679006752213,-0.5512621077548129,2.566881720316881,-0.5748332805253139,0.8346385581779939,28,0.8915287446173761,-0.9802000488214287,245
BX0302,Claremont Village-Claremont (East),0.928889737240658,2356.5767951130574,0.0,45.241968070946186,0.0,0.7852808466445029,-0.5512621077548129,1.251046674231907,-0.5748332805253139,0.22755803314907078,73,0.1105524767755717,-0.6121017087356131,235
BX0303,Crotona Park East,1.484496601729943,2824.5265062336484,246.65793481891183,43.81145111141472,0.071922825584328,1.0830598695645015,0.39341778355260704,1.1906750513774695,-0.15894121216411766,0.627052873082615,40,0.7699616567540577,-0.3688225816977877,220
BX0391,Crotona Park,0.588989195941252,37.352128276041185,0.0,0.0,0.0,-0.6905539253631108,-0.5512621077548129,-0.6582847848416395,-0.5748332805253139,-0.6187335246212192,247,-0.5251826601867189,0.1926436832108327,106
BX0401,Concourse-Concourse Village,2.46224174832214,4656.732023901936,203.2395348437581,52.42254255132236,0.079419364806339,2.24898081336287,0.22712883201580253,1.5540860276062656,-0.11559264823794807,0.9786507561867475,20,0.2520459757874656,-1.8872221235105433,253
BX0402,Highbridge,1.212225159939162,6024.458360826726,0.0,117.20218152268887,0.1365745244010265,3.119331200493371,-0.5512621077548129,4.287959196021462,0.21490573455262488,1.7677335058281614,4,0.3396174250366301,-2.763319120528404,261
BX0403,Mount Eden-Claremont (West),1.264191226139884,6459.465807980876,391.3992211314162,99.72768299319662,0.0,3.3961474683489232,0.9477651744921222,3.550488851637388,-0.5748332805253139,1.8298920534882799,2,1.1865197517651744,-2.364905506605,258
BX0491,Yankee Stadium-Macombs Dam Park,0.261159355553148,122.5305520157318,624.3775938009735,0.0,0.0,-0.6363507766223387,1.8400534519077254,-0.6582847848416395,-0.5748332805253139,-0.007353847520391726,101,-0.5251826616437709,0.1112199099023167,138
BX0492,Claremont Park,0.172998835284705,254.33697242868135,0.0,0.0,0.0,-0.5524759794968928,-0.5512621077548129,-0.6582847848416395,-0.5748332805253139,-0.5842140381546648,236,-0.5251826616319872,-0.0083476530208388,172
BX0501,University Heights (South)-Morris Heights,1.824878331260755,4398.649412673107,178.75597828152277,63.62036132570524,0.0467764541498801,2.0847503715482407,0.13335879551155558,2.0266637816377884,-0.30434952089900524,0.9851058569496449,19,1.5377169188592108,-0.6477439825364877,236
BX0502,Mount Hope,1.17819119354892,6970.0062646572715,286.3382045618821,97.66485454194584,0.0,3.7210290415978258,0.5453899993881066,3.4634320010054984,-0.5748332805253139,1.7887544403665292,3,1.609353270436064,-2.155766983165413,256
BX0503,Fordham Heights,0.685545154017706,8925.743204716697,729.9604469960912,188.2821795614345,0.0,4.9655590012484785,2.244427218977162,7.287724284786856,-0.5748332805253139,3.480719306121796,1,6.132126464577371,1.168437219620044,9
BX0601,West Farms,1.087096794202582,2774.3619667394255,505.237713092277,46.94116545984599,0.0311763967919354,1.051137748018471,1.3837573686663724,1.3227573262688481,-0.3945564902225609,0.8407739881827826,27,1.0734312155103138,0.0796006108984762,147
BX0602,Tremont,1.470608867745595,3334.6732143113645,0.0,76.20350647503331,0.0,1.4076908815453775,-0.5512621077548129,2.55770599558448,-0.5748332805253139,0.7098253722124327,36,0.8146906605439587,-0.6607537683100103,237
BX0603,Belmont,1.523069677319835,4265.727364116955,0.0,62.41042316959051,0.0,2.0001656463033193,-0.5512621077548129,1.9756011713335548,-0.5748332805253139,0.7124178573391868,34,0.4258407257139301,-1.4871545236288957,251
BX0701,University Heights (North)-Fordham,1.701392298219117,4777.85165038586,95.81715782644746,51.15288110129871,0.0091468089048349,2.3260550868877945,-0.1842901621438656,1.5005029353521537,-0.5219420704896878,0.7800814474015987,31,0.1687597193379849,-2.1726641408417366,257
BX0702,Bedford Park,2.281144572140688,4388.586379952852,290.8534647428772,63.60178215632743,0.0,2.0783467773588704,0.5626830797835892,2.0258796912436465,-0.5748332805253139,1.0230190669651982,16,1.2670123464168983,-0.6716274261439992,238
BX0703,Norwood,1.460561799818293,4980.275398757486,298.982345222755,36.99356022723467,0.0,2.4548671035926684,0.5938160329311123,0.9029419110047482,-0.5748332805253139,0.8441979417508038,26,0.7006678813610856,-1.5894393419970898,252
BX0801,Kingsbridge Heights-Van Cortlandt Village,1.019163364917728,5647.769727736096,0.0,68.7242031778501,0.0,2.8796260132881346,-0.5512621077548129,2.2420594911072547,-0.5748332805253139,0.9988975290288156,17,0.3082117742372882,-2.3906515305982907,259
BX0802,Kingsbridge-Marble Hill,1.143891602214102,3175.1260285239855,412.13371455615214,20.118681106014034,0.0188743737026792,1.3061632943616386,1.0271766031541454,0.19077710147027924,-0.46569265299218376,0.5146060864984698,47,0.6201680921900498,-0.5899081596168093,232
BX0803,Riverdale-Spuyten Duyvil,5.851398934540365,614.5538939027186,0.0,3.9330094864186855,0.0391108557686136,-0.32325253867261483,-0.5512621077548129,-0.49230131724628656,-0.34867566548676515,-0.42887290729011984,188,-0.5251826616437709,-0.2251475808280953,209
BX0901,Soundview-Bruckner-Bronx River,2.992262004161887,2396.1805450282654,150.0260144250226,33.10445576086171,0.0289563945453555,0.8104826272492558,0.02332536336938491,0.7388113521036658,-0.40739360164853083,0.2913064352684439,67,-0.0890649990342153,-0.890419802203235,243
BX0902,Soundview-Clason Point,2.817197473666194,632.1885549905289,0.0,8.168814273335705,0.1299224374918244,-0.31203075132354596,-0.5512621077548129,-0.3135390821137988,0.17644019651084178,-0.25009793617032894,144,-0.5235116019495571,-0.2326891578019151,210
BX0903,Castle Hill-Unionport,3.05634234490249,888.3167177028462,48.9574628029807,12.7670173982079,0.0968537689898522,-0.14904401958237917,-0.3637589946951764,-0.11948267263662472,-0.014778611002648588,-0.1617660744792072,123,0.0128306731868571,0.1831496519555215,110
BX0904,Parkchester,0.853265004412157,3711.6253258058473,0.0,14.071675214459686,0.0,1.6475637327961201,-0.5512621077548129,-0.06442264058873876,-0.5748332805253139,0.11426142598181363,86,-0.1272324982149799,-1.4687136075049283,250
BX0991,Soundview Park,0.724135384048208,27.61914476294745,0.0,0.0,0.0826770762714651,-0.6967474932866491,-0.5512621077548129,-0.6582847848416395,-0.09675500735902103,-0.5007623483105307,213,-0.5251826609093024,0.2014038562587106,103
BX1001,Westchester Square,1.429060902839788,1063.6355644322089,314.13101706761154,16.10361363816602,0.0817696757721473,-0.03748016210394805,0.6518342178411467,0.021330568670393263,-0.10200202966977258,0.13342064868445486,83,0.5821777235878733,0.6086039671753511,17
BX1002,Throgs Neck-Schuylerville,6.176028301341723,267.48582088607145,0.0,5.346214522800741,0.1919464189408535,-0.5441087315787595,-0.5512621077548129,-0.4326603036225173,0.5350924285840765,-0.24823467859300327,143,-0.469913669818456,0.0713992937194034,151
BX1003,Pelham Bay-Country Club-City Island,3.280425011118143,702.6528550988988,136.84385551397824,8.235192431071717,0.195822983576177,-0.26719091076297624,-0.02716123644920614,-0.3107377471992352,0.5575085735453202,-0.011895330216524336,102,0.1025422270220122,0.3928664015074464,31
BX1004,Co-op City,2.699384818372543,148.55236543923465,0.0,2.5946347821233267,0.1746537465972546,-0.6197918387883963,-0.5512621077548129,-0.5487842917033687,0.4350979524210193,-0.3211850714563897,161,-0.5056808942901323,0.1213824115069324,132
BX1071,Hart Island,0.45570992685157,0.0,0.0,0.0,0.6506825778602774,-0.7143228902704439,-0.5512621077548129,-0.6582847848416395,3.187723612287761,0.3159634573552162,65,-0.5251826616437709,0.2288391623719378,55
BX1091,Ferry Point Park-St. Raymond Cemetery,2.020254610381794,6.92981960197296,0.0,0.0,0.2566492980056475,-0.7099131110547547,-0.5512621077548129,-0.6582847848416395,0.9092353238966471,-0.25255616993864,145,-0.5251826614329658,0.2219554690863983,75
BX1101,Pelham Parkway-Van Nest,1.448225723143156,3537.431988765743,126.41660538030548,36.61754128119438,0.0,1.5367160915426161,-0.06709675901873187,0.8870729107491325,-0.5748332805253139,0.44546474068692565,53,0.8399463618659201,-0.573112858122195,231
BX1102,Morris Park,2.585830652615846,687.9800880233012,25.417869202458657,6.578034485751309,0.0015540359846379,-0.27652790176750375,-0.45391372959266896,-0.38067422283380986,-0.5658471035403594,-0.4192407394335855,187,-0.3312027537138411,-0.0339003747734075,181
BX1103,Pelham Gardens,2.793089063000243,292.8657058723834,47.06341545524406,9.313970920608178,0.0,-0.5279582838416558,-0.3710130424674671,-0.2652104238915087,-0.5748332805253139,-0.4347537576814864,191,-0.2815109266913811,0.2235283941245504,70
BX1104,Allerton,1.463623595211902,2946.7958934999047,125.0866573471291,44.43585386440079,0.0,1.1608657914572282,-0.07219035215348331,1.2170265093321477,-0.5748332805253139,0.4327171670276446,55,0.8855252221403703,-0.2582852937148644,213
BX1161,Hutchinson Metro Center,1.131702736298067,26.508727988176062,0.0,0.0,0.2316023850703068,-0.6974541051604626,-0.5512621077548129,-0.6582847848416395,0.7644021316226848,-0.2856497165335576,155,-0.5251826607748654,0.2039246140889405,100
BX1201,Williamsbridge-Olinville,3.367062833680708,2654.539116583523,217.49447186892905,57.05564853580525,0.0488490569638156,0.9748886759601295,0.2817240850305461,1.7496154306491005,-0.29236474326859613,0.678465862092795,38,0.9722060285977424,0.0908305736157328,143
BX1202,Eastchester-Edenwald-Baychester,5.239427736236205,666.6758615339222,25.0889730338101,16.4232621178696,0.0329686313089598,-0.2900848109765764,-0.45517337525166,0.03482058522285653,-0.38419293575681385,-0.2736576341905484,149,0.002543011421778,0.2515227196231522,45
BX1203,Wakefield-Woodlawn,3.683360706816896,1711.2090022394132,131.26895684945416,35.58565950632133,0.0137554398756064,0.3746021215187902,-0.048512646321014964,0.8435247536106061,-0.49529276894771285,0.1685803649651671,81,0.2149372768259834,-0.0832761389636237,187
BX1271,Woodlawn Cemetery,1.661714174484432,8.425034951840427,0.0,0.0,0.0,-0.7089616332455851,-0.5512621077548129,-0.6582847848416395,-0.5748332805253139,-0.6233354515918379,256,-0.5251826607948219,0.2204702067926488,82
BX2691,Van Cortlandt Park,4.706403616791873,35.908522464377825,0.0,0.0,0.0004379397903277,-0.6914725615282006,-0.5512621077548129,-0.6582847848416395,-0.5723009038599463,-0.6183300894961499,246,-0.5251826616437709,0.2086241551470791,96
BX2791,Bronx Park,3.108672135757309,21.552610591942663,0.0,0.0,0.1084722501347888,-0.7006079222494678,-0.5512621077548129,-0.6582847848416395,0.05240498635084783,-0.4644374571237681,199,-0.5251826614434385,0.2074300099705537,97
BX2891,Pelham Bay Park,9.223707315014556,4.987148705935213,0.0,0.0,0.3968224605343076,-0.7111493264589526,-0.5512621077548129,-0.6582847848416395,1.7197833803606226,-0.05022820967369562,110,-0.5251826616203099,0.2238852090338168,68
MN0101,Financial District-Battery Park City,1.786237216423128,623.0975313730951,1106.378753893017,11.763941270678018,0.4338290136956935,-0.31781580913170104,3.686078814359962,-0.1618151547942343,1.933772914450354,1.2850551912210952,12,1.7990442233020498,2.0257353883893763,4
MN0102,Tribeca-Civic Center,1.261472287747513,560.4562279068534,1460.623306940515,0.0,0.1490770860689182,-0.3576774987477581,5.042806730349543,-0.6582847848416395,0.28720150699521796,1.0785114884388407,15,2.16070656313571,2.41396571930205,3
MN0191,The Battery-Governors Island-Ellis Island-Liberty Island,1.114213710939689,6.282457244307687,0.0,0.0,0.4706751960951181,-0.7103250590178791,-0.5512621077548129,-0.6582847848416395,2.14683510833404,0.05674078917992703,93,-0.5251826610127538,0.2225985229058603,73
MN0201,SoHo-Little Italy-Hudson Square,1.200017568456637,1618.3096406643774,1071.2347875899611,15.009159400329834,0.1198784834307021,0.31548576678601226,3.5514802728954167,-0.024858312934846992,0.11836126544733257,0.9901172480484787,18,1.443778224265159,1.115266577601354,11
MN0202,Greenwich Village,0.984823955107992,1171.783031895743,912.382915348512,10.158058193609754,0.0,0.03133929953316909,2.9430904819357036,-0.22958769452619426,-0.5748332805253139,0.542502201604341,45,1.7533775598993793,1.589421475751393,6
MN0203,West Village,1.339383546193608,1483.518298882237,842.7494327963434,11.206197452715395,0.1206522050556068,0.22971151989558578,2.676399889650342,-0.1853534282855615,0.12283529277180288,0.7108983185080423,35,0.8962740982349297,0.635049638555613,15
MN0301,Chinatown-Two Bridges,1.072251113649145,1325.2492647584886,113.6647610686015,9.332082189539808,0.19027334911024,0.12899728240412053,-0.11593528881179825,-0.2644460801414606,0.5254179411496146,0.06850846365011908,90,-0.3413509054191829,-0.5047334985616718,228
MN0302,Lower East Side,1.530398360984391,1167.6698339186382,337.5932879564209,9.807360082623752,0.1480646279303721,0.028721872819162303,0.7416928130221127,-0.24438808815392524,0.2813469913258444,0.20184339725329853,77,0.5058723125747006,0.4648355358221802,27
MN0303,East Village,1.763744820124721,2829.774433949616,124.28890452378393,33.476582364315234,0.1551803791155017,1.0863993796667162,-0.0752456807850199,0.754516085143082,0.3224936572734631,0.5220408603245603,46,-0.0367458276390259,-1.0275127791201928,246
MN0401,Chelsea-Hudson Yards,2.756626606460762,901.8268902191944,431.8319704144524,9.437714700802571,0.1821354770751648,-0.14044684369831914,1.102619325954961,-0.2599881070369604,0.47836088512839464,0.29513631508701904,66,0.3328195062659408,0.4362476119147373,28
MN0402,Hell's Kitchen,1.707793525691597,1921.1924337699484,130.1424358239447,30.46759435652453,0.0628601616124513,0.5082247300696426,-0.05282713051028336,0.6275287831264993,-0.21134585607938094,0.21789513165161942,75,0.0622173176372147,-0.5037329479534802,226
MN0501,Midtown South-Flatiron-Union Square,1.382321663005523,1136.4938002810732,1946.5498353685416,5.790961727560009,0.0,0.008883055496497571,6.903865935259353,-0.41389078793632367,-0.5748332805253139,1.4810062305735532,7,2.8554460986137955,2.6867553036329976,2
MN0502,Midtown-Times Square,2.281032282450441,869.343242205115,1662.356729671863,3.509352857826145,0.0,-0.16111775926175884,5.815429382845341,-0.5101807544880153,-0.5748332805253139,1.1423243971425632,13,3.0396792611568757,3.0443277001836337,1
MN0601,Stuyvesant Town-Peter Cooper Village,0.51799205898063,820.4758984845607,0.0,3.863444688499909,0.3173670524689863,-0.19221441242766366,-0.5512621077548129,-0.4952371368574522,1.260334328765383,0.00540516793136353,98,-0.5251826616404676,-0.27849609534224,216
MN0602,Gramercy,0.699195494698654,2284.053618921401,139.17455032028218,7.15550387250808,0.0,0.7391308437014705,-0.01823486431402049,-0.35630347784195626,-0.5748332805253139,-0.05256019474495502,111,0.3361158939377745,-0.3824482929333083,221
MN0603,Murray Hill-Kips Bay,1.465203523672658,1227.1332759923748,82.47805464546259,9.560873477908348,0.1443982300192646,0.06656133560625252,-0.23537784579127236,-0.25479047886967254,0.26014613056575325,-0.04086521462223479,109,0.0036177751184503,-0.1795362848449652,204
MN0604,East Midtown-Turtle Bay,1.220582990205774,1764.7304749321995,658.5704183781673,10.656789393995568,0.0161724920535598,0.4086604219407135,1.9710091976808815,-0.20853991055214416,-0.4813162208705331,0.42245337204972944,58,1.0048108938514535,0.5342759220782993,20
MN0661,United Nations,0.101382243262795,39.45464088451384,0.0,0.0,0.0478457794458769,-0.6892159949501853,-0.5512621077548129,-0.6582847848416395,-0.29816617221254926,-0.5492322649397967,229,-0.5251826552466883,0.1896471449564496,107
MN0701,Upper West Side-Lincoln Square,1.4676438603118,1128.3391323888234,621.7941237513401,11.59036987996781,0.0646829656649099,0.003693846101803757,1.8301589710856287,-0.1691403294232083,-0.20080553398503642,0.36597673844479695,60,1.2242132635249157,1.142735665706453,10
MN0702,Upper West Side (Central),2.360759212873146,2185.7375253955092,238.76976810290205,13.139465055365106,0.023688046938762,0.6765675605714451,0.36320674460360347,-0.10376439027646435,-0.43785769931364477,0.12453805389623486,84,0.0934832864884647,-0.5430113169382149,229
MN0703,Upper West Side-Manhattan Valley,1.226378291111761,2699.8194798429167,192.2110382520709,21.21364005731077,0.0148674517154147,1.0037027600559527,0.18489058426120197,0.23698728332679353,-0.4888625863131642,0.23417951033269607,71,0.8600823326839042,-0.1126974400535781,198
MN0801,Upper East Side-Lenox Hill-Roosevelt Island,1.997526796919461,1306.1151439988382,101.2806645097552,11.020325095507271,0.1296010395530416,0.11682131637863101,-0.16336537452844285,-0.19319773643840543,0.1745817203950686,-0.016290018548287162,104,-0.3989726642437462,-0.5632529380227436,230
MN0802,Upper East Side-Carnegie Hill,1.864156614316107,922.1328223168848,886.3801040503192,5.367634410701612,0.0,-0.127525197470458,2.8435018229740594,-0.43175632734644487,-0.5748332805253139,0.42734675440796055,56,0.7080894263877768,0.7205484245620281,13
MN0803,Upper East Side-Yorkville,1.267675368339339,2129.8828291796926,113.63547058489613,22.10107835088279,0.1003048381769306,0.6410245172285823,-0.11604746898951464,0.2744395411341133,0.005177116412270686,0.2011484264463629,78,-0.4550427476767761,-1.1248304847751285,247
MN0901,Morningside Heights,1.479297169659233,983.57519357329,395.19634354544513,9.469742211531782,0.0219764615905093,-0.08842644637858015,0.9623078454668035,-0.2586364608465205,-0.44775490183423994,0.04187250910186574,95,0.1799124591730605,0.3166328471152065,41
MN0902,Manhattanville-West Harlem,0.997309781448646,3731.037305775792,244.97819237459376,64.21169140171313,0.0530947358459516,1.6599165140694545,0.3869845061845473,2.051619484604726,-0.26781420374872295,0.9576765752775013,22,1.2266616505665555,-0.4486849537754813,223
MN0903,Hamilton Heights-Sugar Hill,1.484944236325918,6705.975723801121,360.3437323094547,40.43006391979524,0.0706627170356678,3.553013644625132,0.828825170286022,1.0479715127041926,-0.16622776057770097,1.3158956417594112,11,0.807414921579625,-2.467495520361951,260
MN1001,Harlem (South),1.340272155091195,6352.441157311583,658.9592709438489,47.7804958399168,0.0,3.328042509317453,1.9724984714792384,1.3581793020925412,-0.5748332805253139,1.5209717505909797,6,2.1364141573957376,-0.968043914480932,244
MN1002,Harlem (North),2.210462602521514,7311.139297975392,255.25739772424853,73.78477688421428,0.0610731589319757,3.9381084818307257,0.4263530292347695,2.4556291696714054,-0.22167915757180645,1.6496028807912735,5,0.5544806717872455,-3.1870548494077697,262
MN1101,East Harlem (South),1.547221598182379,2947.218423887649,286.5387833636543,19.401332430821057,0.3375160026223811,1.1611346679690124,0.5461581999359457,0.1605030782332075,1.37684516501968,0.8111602777894614,30,0.4229746170934216,-0.8224999303010969,241
MN1102,East Harlem (North),2.426596772152155,3052.423082814337,217.6201914531796,46.1829877058084,0.2635045232497654,1.2280814782721983,0.2822055808448697,1.2907602072424693,0.9488755046417057,0.9374806927503108,23,0.4149537262847061,-0.8700166664218766,242
MN1191,Randall's Island,2.180144090139409,27.52111673323542,0.0,0.0,0.3127332173262624,-0.6968098732608488,-0.5512621077548129,-0.6582847848416395,1.2335392846845208,-0.16820437029319507,125,-0.5251826616437709,0.2022371692274905,102
MN1201,Washington Heights (South),1.953563465796352,6190.738213396099,305.15003525767014,66.58528314818346,0.034843388522943,3.2251431090226395,0.6174377856879377,2.1517913733569203,-0.3733521957126902,1.4052550180887018,8,1.956154464593662,-1.228156286503216,248
MN1202,Washington Heights (North),2.3015505214051,5543.654106802144,299.46079233251766,51.30472307527141,0.0341392048422769,2.8133722105062553,0.5956484465689658,1.506911070764373,-0.37742412148978643,1.1346269015874517,14,0.7329876248373532,-1.9681281892584344,254
MN1203,Inwood,1.341257711853327,5500.06157266122,259.14587099604535,33.57059164570592,0.0759552877281879,2.7856321736719427,0.44124556658796543,0.7584835270130433,-0.13562359348085573,0.9624344184480239,21,0.7330609125493819,-2.036484914238899,255
MN1291,Highbridge Park,0.720145254800475,99.97982979135018,0.0,0.0,0.0999615071075666,-0.6507008913259809,-0.5512621077548129,-0.6582847848416395,0.0031918124783611402,-0.464263992861018,198,-0.5251826614862418,0.1302674678548218,128
MN1292,Inwood Hill Park,0.929754276488181,25.813271965418153,0.0,0.0,0.072802726992564,-0.6978966574476405,-0.5512621077548129,-0.6582847848416395,-0.15385320270881422,-0.5153241881882268,218,-0.5251826611351188,0.2060738291956636,98
MN6491,Central Park,3.559384321147676,35.68032798409657,246.2580374579719,0.0,0.0,-0.6916177727074344,0.3918862090839235,-0.6582847848416395,-0.5748332805253139,-0.38321240724761607,179,-0.1541114927327735,0.5646177533789474,19
QN0101,Astoria (North)-Ditmars-Steinway,5.416465159041295,352.0746361336395,69.49852004796189,3.879355400436833,0.1198979718065185,-0.49028077922451624,-0.28508841091778997,-0.4945656624691191,0.11847395652782657,-0.2878652240208997,157,-0.4497647137711603,0.0360844701168735,162
QN0102,Old Astoria-Hallets Point,1.030406677765443,1094.7134023298447,0.0,15.537168813254558,0.1830124665223666,-0.017703831477601625,-0.5512621077548129,-0.002574910470939838,0.48343205623665503,-0.022027198366674813,106,-0.2187974677799627,-0.3477026688056946,219
QN0103,Astoria (Central),1.958869176131706,1709.149360658935,288.25751087576197,25.029384527659353,0.0,0.37329147201345875,0.5527407869527264,0.39802185515615535,-0.5748332805253139,0.18730520839925666,80,0.4993050803914041,0.1720407332385846,116
QN0104,Astoria (East)-Woodside (North),2.419409685870646,709.677244836739,94.45900255972111,11.579912748126931,0.0,-0.2627209519981032,-0.1894917866960682,-0.16958164821738983,-0.5748332805253139,-0.29915691685921875,159,-0.1898264680500857,0.0482419201199795,157
QN0105,Queensbridge-Ravenswood-Dutch Kills,2.575447925609034,481.0813636260982,224.53312402265271,4.662189686505831,0.0412509682172401,-0.40818756204778595,0.308681552084716,-0.46152797217038977,-0.3363005149618286,-0.22433362427382209,141,-0.1186573152435641,0.2407569000263578,47
QN0151,Rikers Island,1.687494361239083,4.740756581921737,0.0,0.5929400310048201,0.1236343106752458,-0.7113061176786079,-0.5512621077548129,-0.6332611374891146,0.1400792492508078,-0.4389375284179319,192,-0.4228228367823639,0.3283913641628014,39
QN0161,Sunnyside Yards (North),0.418095893790279,148.2913391899989,273.3066238415142,0.0,0.0,-0.6199579424093768,0.4954801018309122,-0.6582847848416395,-0.5748332805253139,-0.33939897648635453,169,-0.3463549838979257,0.2616417275681409,44
QN0171,St. Michael's Cemetery,0.407725444745951,22.07367755919132,0.0,0.0,0.0,-0.7002763421486667,-0.5512621077548129,-0.6582847848416395,-0.5748332805253139,-0.6211641288176083,249,-0.5251826613632955,0.209535829129088,94
QN0191,Astoria Park,0.248513483387362,48.28711841480007,0.0,0.0,0.0938915652464658,-0.6835954625159774,-0.5512621077548129,-0.6582847848416395,-0.031907485344491573,-0.48126246011423035,204,-0.5251826609640984,0.1808734522422622,112
QN0201,Long Island City-Hunters Point,2.56372064911272,541.4006399177593,469.4899566853264,1.9514734361906183,0.3379718280708207,-0.36980349057489315,1.2468463600592696,-0.5759274122043095,1.3794809650876425,0.42014910559192736,59,0.2193025848133922,0.5020739322837993,23
QN0202,Sunnyside,4.43168439429308,1026.4720127313203,109.07359906246116,4.741437972041499,0.0468958878539323,-0.06112912662029881,-0.13351906704346,-0.4581834836102632,-0.30365889827945775,-0.23912264388836996,142,-0.3512710202574463,-0.2694501949092755,215
QN0203,Woodside,3.061189282554265,647.1341093769438,153.60763552741744,14.3819583694955,0.0,-0.3025201725659977,0.03704268179337468,-0.05132786566202802,-0.5748332805253139,-0.22290965923999123,140,0.1221946979524812,0.3956944406207511,30
QN0261,Sunnyside Yards (South),0.81602366651765,24.50909308224998,0.0,0.0,0.0102246339968517,-0.6987265695179198,-0.5512621077548129,-0.6582847848416395,-0.5157095719301743,-0.6059957585111366,242,-0.5251826608817309,0.2044932069126126,99
QN0271,Calvary & Mount Zion Cemeteries,1.327762943934336,14.309783298892576,0.0,0.0,0.0,-0.7052168833904802,-0.5512621077548129,-0.6582847848416395,-0.5748332805253139,-0.6223992641280616,252,-0.5251826615498412,0.2146246276169886,89
QN0301,Jackson Heights,3.652649544591909,1652.4990767145632,66.16736201730525,12.327001956554795,0.0,0.33724215773842914,-0.2978464760845923,-0.13805249532667557,-0.5748332805253139,-0.16837252354953816,126,-0.4034523369735857,-0.7138932141551138,240
QN0302,East Elmhurst,2.672290892545548,410.88341208021575,0.0,9.735095749784982,0.0045991746730895,-0.4528579121421606,-0.5512621077548129,-0.24743783532322738,-0.5482386598050399,-0.4499491287563102,195,-0.4422556887509093,-0.0393440871684923,182
QN0303,North Corona,1.297074275623981,871.19143539902,93.16509265106062,12.342533915383807,0.0029030603093464,-0.1599416645866911,-0.1944473567358984,-0.1373970053275057,-0.558046401717059,-0.2624581070917886,146,-0.1299698014797595,-0.1007375389973957,193
QN0401,Elmhurst,3.911458249393965,1168.1065497012305,249.14706262875828,13.301982510421308,0.0,0.028999776183441885,0.4029509412455974,-0.09690572115091302,-0.5748332805253139,-0.059947071061796905,112,0.1888513276832582,0.1577312270843463,121
QN0402,Corona,2.232088832190702,1273.6948274633469,54.13843255287824,16.585880353045678,0.0028089945752545,0.09619070169660203,-0.34391630062659306,0.04168350753768166,-0.558590334639543,-0.19115810650796308,129,0.0486108110325344,-0.109408177378944,196
QN0501,Maspeth,5.417654559027632,259.52189913200203,0.0,3.1397397516751564,0.0363184135653657,-0.5491765599846349,-0.5512621077548129,-0.5257794112518701,-0.3648228976658764,-0.49776024416429854,210,-0.4528154995109354,0.0632540579076028,152
QN0502,Ridgewood,3.952971914649992,768.5356905119812,83.56580091695315,13.921774153602628,0.000953595093443,-0.2252664776662518,-0.23121186576603553,-0.0707488643019525,-0.5693191390470136,-0.2741365866953134,150,-0.0626392418356087,0.0915339783964463,142
QN0503,Glendale,2.787713674008833,454.85302591229544,0.0,6.101712025794323,0.0,-0.4248779212714916,-0.5512621077548129,-0.4007762983233864,-0.5748332805253139,-0.48793740196875124,206,-0.2322122560632846,0.1116151237550572,136
QN0504,Middle Village,3.246369360805835,375.4963975194159,0.0,4.006793508200276,0.0,-0.4753763801945005,-0.5512621077548129,-0.4891874351591139,-0.5748332805253139,-0.5226648009084353,222,-0.5251826616437709,-0.1029720797820527,194
QN0571,Mount Olivet & All Faiths Cemeteries,0.710417094168946,7.0381189318776975,0.0,0.0,0.0,-0.7098441949557048,-0.5512621077548129,-0.6582847848416395,-0.5748332805253139,-0.6235560920193678,259,-0.5251826607153613,0.2218478913336032,77
QN0572,Middle Village Cemetery,0.512038666495217,7.811910040659721,0.0,0.0,0.0,-0.7093517942663967,-0.5512621077548129,-0.6582847848416395,-0.5748332805253139,-0.6234329918470407,257,-0.5251826616437709,0.2210792497869682,80
QN0573,St. John Cemetery,0.813291666605386,33.198422052811424,0.0,0.0,0.0,-0.693197129432386,-0.5512621077548129,-0.6582847848416395,-0.5748332805253139,-0.619394325638538,248,-0.5251826611137841,0.1958617154213607,105
QN0574,Highland Park-Cypress Hills Cemeteries (North),2.901113946042152,13.787807285049954,0.0,0.0,0.0,-0.7055490419615743,-0.5512621077548129,-0.6582847848416395,-0.5748332805253139,-0.6224823037708351,254,-0.5251826615863358,0.2151431292296153,86
QN0601,Rego Park,1.876041311020988,1031.9602178410353,60.90775564807696,6.400114428869733,0.0,-0.05763671639689703,-0.3179903420293478,-0.38818292274870825,-0.5748332805253139,-0.33466081542506676,167,-0.3988983493383026,-0.2620219965335627,214
QN0602,Forest Hills,5.384206497129742,887.0387869681504,144.88272803426392,7.433348919668391,0.0002706370071149,-0.14985722868689144,0.003626993510933047,-0.3445776773980178,-0.5732683283178658,-0.2660190602229605,148,-0.2527514663564572,-0.1126645189965199,197
QN0701,College Point,6.197575816050351,136.98904623341238,0.0,2.260222559160313,0.3245720251674521,-0.6271501377957324,-0.5512621077548129,-0.5628973775134452,1.3019969160414846,-0.10982817675562645,118,-0.4717070853168891,0.1611664747521893,120
QN0702,Whitestone-Beechhurst,4.890260291856308,194.46817617943344,0.0,0.4092021981732916,0.0570010540264186,-0.5905733887415867,-0.5512621077548129,-0.6410153630324663,-0.24522600960378424,-0.5070192172831625,216,-0.5230905481964147,0.0535058906047895,155
QN0703,Bay Terrace-Clearview,3.652987825311757,167.26034392076173,0.0,0.0,0.0424440339539385,-0.607887047695146,-0.5512621077548129,-0.6582847848416395,-0.3294016400511842,-0.5367088950856956,224,-0.5251826615103468,0.0886058857782465,144
QN0704,Murray Hill-Broadway Flushing,5.244690882599751,445.78413720373015,0.0,3.2431628531282626,0.0116730890097262,-0.4306488935670827,-0.5512621077548129,-0.5214146811214366,-0.5073339144620702,-0.5026648992263506,215,-0.5070266569423442,-0.0872204628912948,190
QN0705,East Flushing,2.941344271602174,491.2719717821052,0.0,4.762351316853767,0.0,-0.4017027854413648,-0.5512621077548129,-0.457300884800638,-0.5748332805253139,-0.49627476463053244,207,-0.2268339033038222,0.1510098138747225,122
QN0706,Queensboro Hill,2.455240921205536,207.71892305769623,0.0,3.260146667210206,0.0,-0.5821412979322551,-0.5512621077548129,-0.5206979189666413,-0.5748332805253139,-0.5572336512947558,233,-0.5041932254638724,0.0587401599205088,154
QN0707,Flushing-Willets Point,3.579994380664966,918.9958559065948,33.75437272344376,8.3846014292333,0.288905434846896,-0.12952140084528668,-0.42198559703180105,-0.3044322898413408,1.095755685955,0.05995409955914288,92,-0.0707050977626515,0.0729535924031195,150
QN0761,Fort Totten,0.646359379544155,7.735634630267531,0.0,0.0,0.2975034783842242,-0.7094003319973531,-0.5512621077548129,-0.6582847848416395,1.1454736729994106,-0.19336838789859873,130,-0.5251826615653565,0.2211550175731448,79
QN0791,Kissena Park,1.023447069531616,2.931270301426492,0.0,0.0,0.0,-0.7124575812734942,-0.5512621077548129,-0.6582847848416395,-0.5748332805253139,-0.6242094385988152,260,-0.5251826612716487,0.2259274034965014,64
QN0801,Kew Gardens Hills,3.187007562802917,655.4738132352473,0.0,22.290322954386312,0.0,-0.29721321584105215,-0.5512621077548129,0.2824261670554824,-0.5748332805253139,-0.2852206092664241,154,0.0170079295405565,0.296792396578813,42
QN0802,Pomonok-Electchester-Hillcrest,3.435044569486488,337.11352984660454,0.0,2.3302146009665856,0.0,-0.49980125440824263,-0.5512621077548129,-0.559943527073165,-0.5748332805253139,-0.5464600424403836,228,-0.5251826616428636,-0.053405785015895,185
QN0803,Fresh Meadows-Utopia,3.084045700560591,193.25264858807515,0.0,2.270975086501257,0.0,-0.5913468877092861,-0.5512621077548129,-0.5624435922429986,-0.5748332805253139,-0.5699714670581029,235,-0.5251826616437709,0.0613242289668625,153
QN0804,Jamaica Estates-Holliswood,3.661400663687466,369.257594070127,0.0,2.4593977306261534,0.0,-0.47934643242697306,-0.5512621077548129,-0.554491655194961,-0.5748332805253139,-0.5399833689755152,225,-0.4623727786802899,0.0092771688168524,167
QN0805,Jamaica Hills-Briarwood,2.568348042446523,844.122355759399,0.0,8.18096835637031,0.0,-0.17716702854113686,-0.5512621077548129,-0.3130261474629947,-0.5748332805253139,-0.4040721410710646,184,-0.2406979175516741,-0.0142866371405528,174
QN0871,Mount Hebron & Cedar Grove Cemeteries,0.855545404739415,0.0,0.0,0.0,0.0085072110626228,-0.7143228902704439,-0.5512621077548129,-0.6582847848416395,-0.5256405301560848,-0.6123775782557452,243,-0.5251826606198373,0.2288391633958714,50
QN0891,Cunningham Park,1.97930939870408,7.073174112731576,0.0,0.0,0.0,-0.7098218876494818,-0.5512621077548129,-0.6582847848416395,-0.5748332805253139,-0.623550515192812,258,-0.5251826613465622,0.2218130688550359,78
QN0901,Kew Gardens,1.88454506457772,893.584362429318,228.00014471175564,6.3711459210702515,0.0,-0.1456919625932164,0.3219599602176102,-0.3894054708743166,-0.5748332805253139,-0.19699268844380918,131,-0.0083063116044249,0.170816776682795,117
QN0902,Richmond Hill,2.812172603828063,509.2148319952671,89.51837110974388,12.452873564551044,0.0,-0.3902848760898008,-0.20841400456260917,-0.13274037847591133,-0.5748332805253139,-0.3265681349134088,163,-0.3664580537173765,-0.0205094658669254,175
QN0903,South Richmond Hill,1.472443098333813,533.8067059361559,0.0,11.551875755600246,0.0,-0.3746358778751133,-0.5512621077548129,-0.17076488391936157,-0.5748332805253139,-0.4178740375186504,186,-0.4702977196063856,-0.1829664295456392,205
QN0904,Ozone Park (North),1.680375187779524,537.3799890447319,0.0,5.358985837304372,0.0,-0.3723620250926418,-0.5512621077548129,-0.43212132016102717,-0.5748332805253139,-0.4826446833834489,205,-0.2304628236568165,0.0524555747334507,156
QN0905,Woodhaven,2.204370217709664,535.3002823754431,114.20200848802664,8.170254979270586,0.0,-0.37368544298397466,-0.11387767475547231,-0.3134782804890678,-0.5748332805253139,-0.3439686696884572,171,-0.3038307180157844,0.0060385143992068,171
QN1001,South Ozone Park,7.602907865364808,389.8508376646991,58.8498744370738,6.9748885539365775,0.0,-0.46624195600436674,-0.32587186021428394,-0.3639259249733096,-0.5748332805253139,-0.4327182554293185,189,-0.3306229980292334,0.08404700097489,145
QN1002,Ozone Park,2.332598988467241,415.8451601822011,191.81822505454505,1.7157962802195408,0.0,-0.4497005119628845,0.18338614156400973,-0.5858736154148975,-0.5748332805253139,-0.35675531658477155,174,0.1222024791935562,0.5046466676968386,22
QN1003,Howard Beach-Lindenwood,4.887168896783234,273.3689029817168,0.0,0.8189322902631904,0.1357431790474351,-0.540365042039975,-0.5512621077548129,-0.6237236626950813,0.21009849935547306,-0.37631307828359906,177,-0.5197539508397572,0.0074766193905827,169
QN1091,Spring Creek Park,1.10074374221274,1.8169533228320287,0.0,0.0,0.2484046398491405,-0.713166675035545,-0.5512621077548129,-0.6582847848416395,0.8615607796086115,-0.2652881970058465,147,-0.5251826616437709,0.2270343030119654,59
QN1101,Auburndale,5.152836349285587,262.5738347362004,0.0,1.5533840075395895,0.0,-0.5472344658223014,-0.5512621077548129,-0.5927278455642397,-0.5748332805253139,-0.5665144249166669,234,-0.4865828837893358,0.0258141440489577,164
QN1102,Bayside,6.541385278767994,223.9586781037179,0.0,2.2943162041150003,0.0302982835442992,-0.5718071567304494,-0.5512621077548129,-0.561458534959903,-0.3996341596807303,-0.5210404897814739,220,-0.4198081207800409,0.1213932950360338,131
QN1103,Douglaston-Little Neck,6.331368446670567,157.1540194479179,0.0,0.3160518707135924,0.0664458056067352,-0.614318190519509,-0.5512621077548129,-0.6449465547605296,-0.19061195296761865,-0.5002847015006175,212,-0.5142696635881284,0.1012986268142629,140
QN1104,Oakland Gardens-Hollis Hills,3.682232789644461,170.5486958255664,0.0,0.0,0.0,-0.6057945104118448,-0.5512621077548129,-0.6582847848416395,-0.5748332805253139,-0.5975436708834028,240,-0.5251826615959868,0.0796143909193031,146
QN1191,Alley Pond Park,2.427802513170705,14.416329091895566,0.0,0.0,0.2009332069147152,-0.7051490831517309,-0.5512621077548129,-0.6582847848416395,0.58705832130322,-0.3319094136112408,165,-0.5251826616394946,0.2145187909219856,90
QN1201,Jamaica,4.350575832219044,1011.5902284491928,221.371743897636,28.51751548975999,0.0,-0.07059912537769979,0.29657372253090575,0.5452302650304417,-0.5748332805253139,0.04909289541458342,94,0.4116867262404,0.466210218528248,26
QN1202,South Jamaica,3.517908445629595,590.9761530556048,0.0,23.606390318007435,0.0,-0.338256194974275,-0.5512621077548129,0.3379677123675991,-0.5748332805253139,-0.2815959677217007,153,-0.4671121424993834,-0.1952341970442832,206
QN1203,Baisley Park,4.45460730795683,407.2188353751921,0.0,13.02729374007756,0.0286311360250182,-0.455189859453388,-0.5512621077548129,-0.10849831831311195,-0.40927440148747174,-0.3810561717521961,178,-0.4239289927876998,-0.0243507511514428,176
QN1204,Springfield Gardens (North)-Rochdale Village,3.201851543733555,393.20998578588967,0.0,9.062107876109955,0.0109457153641493,-0.46410436766613206,-0.5512621077548129,-0.27583971467488905,-0.5115399356726207,-0.4506865314421137,196,-0.0960568083612691,0.3500539820595852,34
QN1205,St. Albans,6.90059035327394,357.79547453191435,0.0,6.669636372489345,0.0,-0.4866403331935911,-0.5512621077548129,-0.37680837942520407,-0.5748332805253139,-0.4973860252247305,208,-0.5251826616394261,-0.0844905838558125,188
QN1206,Hollis,2.273283088170313,581.9776722417959,0.0,9.242646289237028,0.0,-0.3439823633227577,-0.5512621077548129,-0.268220513157966,-0.5748332805253139,-0.4345745661902126,190,-0.499394474007952,-0.1794962440203782,203
QN1301,Glen Oaks-Floral Park-New Hyde Park,4.219825883816277,128.9152716196962,0.0,0.9483885423972316,0.0,-0.6322878708867334,-0.5512621077548129,-0.6182602643215694,-0.5748332805253139,-0.5941608808721074,238,-0.5251826616437709,0.1126954522670453,135
QN1302,Bellerose,5.139629066520896,170.63488213822723,0.0,1.168001291615361,0.0,-0.6057396658946599,-0.5512621077548129,-0.6089920218295926,-0.5748332805253139,-0.5852067690010948,237,-0.458680388082393,0.1365602548550571,126
QN1303,Queens Village,6.471274552132617,348.7720976474723,0.0,6.80282725701944,0.0,-0.4923823441153494,-0.5512621077548129,-0.3711873696252688,-0.5748332805253139,-0.4974162755051862,209,-0.4575119926359375,0.0081585049424565,168
QN1304,Cambria Heights,3.07262868938817,298.1160734336554,0.0,2.2793640102381136,0.0,-0.5246172211479264,-0.5512621077548129,-0.5620895573351132,-0.5748332805253139,-0.5532005416907916,232,-0.5251826616407043,-0.0526716853578538,184
QN1305,Laurelton,3.701332454440336,287.7342181792839,0.0,6.757857655969755,0.0,-0.5312236975283486,-0.5512621077548129,-0.3730852064711706,-0.5748332805253139,-0.5076010730699115,217,-0.5251826616437709,-0.0324160152463409,180
QN1306,Springfield Gardens (South)-Brookville,5.336078026461656,203.14545526216725,0.0,5.812592275153658,0.1377674168547187,-0.585051616582196,-0.5512621077548129,-0.41297792126056865,0.2218036074583108,-0.3318720095348167,164,-0.3505445982749293,0.2244353860021536,67
QN1307,Rosedale,4.388291451188291,288.03920935053793,0.0,7.979908471547593,0.2021317931951615,-0.5310296169021255,-0.5512621077548129,-0.3215114097010945,0.5939891186298587,-0.20245350393204353,135,-0.3438032811335367,0.1460338298382221,124
QN1371,Montefiore Cemetery,0.49443326115528,2.0225176551905624,0.0,0.0,0.0,-0.7130358645134265,-0.5512621077548129,-0.6582847848416395,-0.5748332805253139,-0.6243540094087981,261,-0.5251826605931591,0.2268301080027932,60
QN1401,Far Rockaway-Bayswater,5.618274689300171,656.607268958491,59.72711126221606,12.287830168197546,0.4104866599811732,-0.29649194317057154,-0.32251211430043497,-0.13970564904672111,1.798796296278308,0.2600216474401451,68,-0.2474890072852792,0.0206923662285829,165
QN1402,Rockaway Beach-Arverne-Edgemere,4.691807477981643,430.7508373871744,179.42672214644588,11.302440156170132,0.5235339417337374,-0.44021530898363953,0.13592769013023417,-0.18129173006049198,2.45248957721817,0.4917275570760682,49,0.0527822491662783,0.4710239559177326,24
QN1403,Breezy Point-Belle Harbor-Rockaway Park-Broad Channel,6.43195048007509,159.6716273207393,118.06992952886316,1.55562649325057,0.5708477428269076,-0.6127161149232463,-0.0990638507804774,-0.5926332066991095,2.7260805330628823,0.3554168401650123,61,-0.1575224905894161,0.4679908311299625,25
QN1491,Rockaway Community Park,0.829594863254467,1.2054076565482104,0.0,0.0,0.3288029538215081,-0.7135558311064845,-0.5512621077548129,-0.6582847848416395,1.3264621627100945,-0.14916014024821062,120,-0.5251826610662427,0.2276417786995985,57
QN8081,LaGuardia Airport,2.842117589524216,1.7592516292885063,0.0,0.0,0.8700043475865024,-0.7132033934125755,-0.5512621077548129,-0.6582847848416395,4.455946651455361,0.6332990913615832,39,-0.5251826616411441,0.2270916206354521,58
QN8191,Flushing Meadows-Corona Park,5.129021764111894,23.39627428365541,77.32753458787033,0.195078980911079,0.6706369322069287,-0.6994347099156112,-0.25510392000719045,-0.6500519326661232,3.3031092028095177,0.42462966005514824,57,-0.393328967439529,0.3380779483901397,37
QN8291,Forest Park,2.230602068165768,47.52080234874174,0.0,0.0,0.0,-0.6840831064742402,-0.5512621077548129,-0.6582847848416395,-0.5748332805253139,-0.6171158198990017,245,-0.5251826616383123,0.1816346668987575,111
QN8381,John F. Kennedy International Airport,18.31955925977544,1.3100751857440809,6.105820523572655,0.0,0.0533139153137921,-0.713489226097795,-0.5278773102100432,-0.6582847848416395,-0.26654680356690424,-0.5415495311790955,227,-0.5215830005532145,0.231137468369028,48
QN8491,Jamaica Bay (East),6.495794625421236,0.1539457537783766,0.0,0.0,0.5107562375229548,-0.7142249271452332,-0.5512621077548129,-0.6582847848416395,2.378602799412157,0.11370774491761776,87,-0.5251826616337316,0.2286862413183794,56
QN8492,Jacob Riis Park-Fort Tilden-Breezy Point Tip,4.88988200787153,2.658550856456891,0.0,0.0,0.5905509617691415,-0.7126311258401954,-0.5512621077548129,-0.6582847848416395,2.8400139389418175,0.22945898012629246,72,-0.5251826616437709,0.2261983073004603,63
SI0101,St. George-New Brighton,2.462760643288381,685.4096863210027,0.0,13.814662616368324,0.0534912149337613,-0.27816357262963426,-0.5512621077548129,-0.0752692562387153,-0.26552157263264137,-0.2925541273139509,158,-0.3404218952394782,-0.1254410142384462,199
SI0102,Tompkinsville-Stapleton-Clifton-Fox Hills,2.252103757285239,373.4286208082035,0.0,7.109092460228196,0.0852982950190172,-0.47669220647678856,-0.5512621077548129,-0.35826216295899305,-0.08159787083539523,-0.36695358700649744,175,-0.5251826616382136,-0.0884346277927424,191
SI0103,Rosebank-Shore Acres-Park Hill,3.274929876503793,326.7245529978482,0.0,1.5277414524910078,0.0652796002636315,-0.5064122626034457,-0.5512621077548129,-0.5938100296321058,-0.19735550827619877,-0.46220997706664085,197,-0.5251826616114917,-0.0290816339391571,178
SI0104,West New Brighton-Silver Lake-Grymes Hill,7.93009143877691,231.14487571188852,0.0,2.523698790011607,0.0059176555852676,-0.5672342317955311,-0.5512621077548129,-0.5517779793587578,-0.5406145745552524,-0.5527222233660886,231,-0.4462758226919133,0.1220440684459879,130
SI0105,Westerleigh-Castleton Corners,7.109780302254777,164.14009299695246,0.0,2.251921240083266,0.0176164877939606,-0.609872614197863,-0.5512621077548129,-0.5632477152715365,-0.47296634904193097,-0.5493371965665359,230,-0.4722638762838975,0.1253300004401873,129
SI0106,Port Richmond,3.3665215207397,290.5075740567705,0.0,4.458614106540875,0.0620589543734074,-0.5294588771132879,-0.5512621077548129,-0.4701194034387357,-0.21597881832919189,-0.4417048016590071,193,-0.3898711089967265,0.111162214098853,139
SI0107,Mariner's Harbor-Arlington-Graniteville,8.304528943502065,163.04356444677654,0.0,3.494438350949999,0.1233954595512794,-0.6105703883229785,-0.5512621077548129,-0.5108101863714943,0.13869809817436246,-0.3834861460687308,180,-0.4294995144421326,0.1887750574166206,108
SI0191,Snug Harbor,0.350091998920645,5.712784085800652,0.0,0.0,0.1578206996931933,-0.7106875695879096,-0.5512621077548129,-0.6582847848416395,0.3377612496861847,-0.39561830312454427,183,-0.5251826590593338,0.2231644061724302,72
SI0201,Grasmere-Arrochar-South Beach-Dongan Hills,7.442701079683501,168.89029756028486,0.0,3.2267372785561537,0.119495949700118,-0.6068498293987188,-0.5512621077548129,-0.5221078840832243,0.1161492730354936,-0.39101763705031556,181,-0.4861576396495207,0.1176313850251957,134
SI0202,New Dorp-Midland Beach,5.776613813897039,211.54261637850604,0.0,1.0393540588876315,0.3908137095757112,-0.5797080970263504,-0.5512621077548129,-0.6144212774310426,1.6850379175101964,-0.01508839117550237,103,-0.5182467631568565,0.034435908450925,163
SI0203,Todt Hill-Emerson Hill-Lighthouse Hill-Manor Heights,17.30877766279774,98.79380469918178,0.0,0.2890632541297027,0.0584177572790846,-0.6514556164272289,-0.5512621077548129,-0.6460855462075791,-0.23703395595157503,-0.5214593065852989,221,-0.5251826616385483,0.1334838211580954,127
SI0204,New Springville-Willowbrook-Bulls Head-Travis,19.45242062789473,63.796687504300046,0.0,0.2572094221313025,0.2845638293094387,-0.673725973937126,-0.5512621077548129,-0.6474298626933521,1.0706504527788578,-0.20044187290160825,133,-0.5241854196012161,0.1681139749797471,118
SI0291,Freshkills Park (North),6.334131252399533,18.62923190221209,0.0,0.1579879479489056,0.5061910804185275,-0.7024682094323972,-0.5512621077548129,-0.6516172729707969,2.3522048844925316,0.1117143235836312,88,-0.5251826616388462,0.2105027982681542,93
SI0301,Oakwood-Richmondtown,5.196704015359526,169.91539202351726,0.0,0.1925575406321675,0.2613397249159009,-0.6061975122364086,-0.5512621077548129,-0.6501583441564268,0.9363576085587691,-0.21781508889721982,138,-0.5053157349820085,0.1007104473420383,141
SI0302,Great Kills-Eltingville,10.84596528256398,164.02412820368582,0.0,1.47619763543644,0.0445735618471053,-0.6099464082018157,-0.5512621077548129,-0.5959853158899602,-0.31708769447234164,-0.5185703815797326,219,-0.4852491029773135,0.111264492144981,137
SI0303,Arden Heights-Rossville,6.296333401772004,120.54634841706309,0.0,0.3178631498207959,0.0037821823374965,-0.6376134212930044,-0.5512621077548129,-0.6448701139616871,-0.5529628990089993,-0.5966771355046259,239,-0.4926779210626741,0.1422794606500685,125
SI0304,Annadale-Huguenot-Prince's Bay-Woodrow,16.761989525581953,83.88025764210025,0.0,0.5969978110913398,0.0719532082312051,-0.6609458273738166,-0.5512621077548129,-0.6330898883701319,-0.15876552521426068,-0.5010158371782555,214,-0.4999913317343036,0.1721762572947798,115
SI0305,Tottenville-Charleston,11.777481442092636,46.44456479846581,0.0,0.2549007491954231,0.0994097853566408,-0.6847679684552072,-0.5512621077548129,-0.6475272948355232,1.4942686940572175e-06,-0.4708889691942123,202,-0.5069537507797992,0.2024765964387158,101
SI0391,Freshkills Park (South),4.436885394328973,3.1553666042161397,0.0,0.0,0.2329199176992183,-0.7123149779627136,-0.5512621077548129,-0.6582847848416395,0.7720207334465091,-0.2874602842781643,156,-0.5251826615327239,0.2257047985572858,65
SI9561,Fort Wadsworth,0.91668708638786,3.2726543708838376,0.0,0.0,0.1067514403407883,-0.7122403420868304,-0.5512621077548129,-0.6582847848416395,0.042454443686975984,-0.4698331977490767,200,-0.5251826615411956,0.2255882914702774,66
SI9591,Hoffman & Swinburne Islands,0.059058143424279,0.0,0.0,0.0,1.0,-0.7143228902704439,-0.5512621077548129,-0.6582847848416395,5.2076434920755,0.820943427302151,29,-0.52518266145755,0.2288391625581587,52
SI9592,Miller Field,1.009550351643331,6.933779963134581,0.0,0.0,0.3325216886979955,-0.7099105908854948,-0.5512621077548129,-0.6582847848416395,1.3479656607568433,-0.14287295568127595,119,-0.5251826616437709,0.2219515348752962,76
SI9593,Great Kills Park,2.171929318650026,7.827142372462856,0.0,0.0,0.3158156688097241,-0.7093421011973055,-0.5512621077548129,-0.6582847848416395,1.251363488790307,-0.16688137625086275,124,-0.5251826616437709,0.2210641188442611,81
